Workbook
Name aquimicos: [1]Aquimicos!$A$1:$T$769
Name assays: [2]Assays!$A$2:$E$50

Sheet 0. Portada
E6: BHP ESCONDIDA
E8: S179 QAQC Pruebas Laboratorio Jameson (BHP)
E11: RESULTADOS CONSOLIDADOS DE PRUEBAS
E12: EM-S179-PR-RP-001
C17: 1. Compósito
C18: 2. Datos LS2
C19: 3. Cinética Molienda
C20: 4. SKT Mineral actual y futuro
C21: 4.1 SKT Ro y Cleaner compósito
C22: 5. Análisis Granulométrico
C23: 6. Análisis Químico Cabeza
C24: 7. Mineralogía Modal Compósito
C25: 8. Liberación Compósito
C26: 9. Asociación Compósito
C27: 10. Test Cliclo Abierto
C28: 11. Casos
... C41: 21. QAQC Test Dilución
C44: Fecha | D44: Revision / Autor | E44: Revision / Jefe Esp. | F44: Cliente
C45: 45959 | D45: CL | E45: CM | F45: SR
C46: 45954 | D46: CL | E46: CM | F46: SR
C47: 45939 | D47: CL-IS | E47: MC | F47: SR
C48: 45931 | D48: CL | E48: MC | F48: SR
C49: 45922 | D49: CL | E49: MC | F49: SR

Sheet 1. Compósito
B3: Muestra ROM | C3: UGREC | D3: % representación en Plan FY28-FY35 | E3: Proporciones | F3: Compósito (ton) | G3: Cu (%)
B4: D | C4: 1 | D4: 0.43 | E4: 0.5 | F4: 50 | G4: ='6. Análisis Químico Cabeza'!$D$10 -> 0.64 | I4: * Preliminar, pendiente confirmación
B5: H | C5: 2
B6: G | C6: 2 | D6: 0.42 | E6: 0.292 | F6: 29.2 | G6: 0.85
B7: J | C7: 5 | D7: 0.15 | E7: 0.208 | F7: 20.8 | G7: 0.43
F8: Cu Calculado | G8: =+SUMPRODUCT(D4:D7,G4:G7) -> 0.6967
F9: Cu Analizado | G9: ='6. Análisis Químico Cabeza'!$D$7 -> 0.66
F10: Error | G10: =(G9-G8)/G9 -> -0.055606061

Sheet 2. Datos LS2
B3: Tabla 1. Tamaño y cantidad de celdas LS2 y MPP
B5: Etapa | E5: Celdas de Flotación LS2
E6: Tamaño | F6: Celdas/Fila | G6: Filas | H6: Volumen | I6: r/F. Primaria | K6: Planta Piloto AMINPRO
E7: m3 | H7: m3 | I7: % | K7: Etapa | L7: Volumen (l) | M7: Filas | N7: Celdas x Fila | O7: Total (l) | P7: r/F Primaria %
K8: Ro | L8: 72 | M8: 1 | N8: 6 | O8: =+N8*M8*L8 -> 432 | P8: =+O10/$O$8*100 -> 37.962963
B9: Flotación Primaria | E9: 300 | F9: 7 | G9: 7 | H9: =E9*F9*G9 -> 14700 | K9: 1 Cl | L9: 24.3 | M9: 1 | N9: 1 | O9: =+N9*M9*L9 -> 24.3
B10: Flotación Primera Limpieza | E10: 7 - 6 Columnas de 4,5 m de diametro | H10: =213.1*6*1 -> 1278.6 | K10: Scv | L10: 41 | M10: 1 | N10: 4 | O10: =+N10*M10*L10 -> 164
B11: Flotación Barrido | E11: 300 | F11: 7 | G11: 3 | H11: =E11*F11*G11 -> 6300 | I11: =H11/$H$9*100 -> 42.857143 | K11: Cl - Scv | L11: 13.7 | M11: 1 | N11: 1 | O11: =+N11*M11*L11 -> 13.7
B12: Flotación Segunda Limpieza | E12: 5 - 6 Columnas de 4,5 m de diametro | H12: =213.1*6*1 -> 1278.6
E14: * Según criterios de diseño originales
I16: r/F. Primaria | J16: Relación volumétrica de cada etapa respecto a la flotación primaria
I17: % | J17: debe ser igual a LS2
U25: =3.14*(0.0508^2)*3 -> 0.024309629 | V25: m3
U27: =3.14*((0.0254*1.5)^2)*3 -> 0.013674166 | V27: m3

Sheet 3. Cinética Molienda
B1: Compósito Global
B3: GRIND N° 01 | D3: 10 min | E3: Tiempo molienda: | F3: 10 | G3: min
B5: Mesh | C5: Pasante | D5: Masa | E5: Retenido | F5: Pasante | G5: Pass Swebrec
B6: ASTM | C6: [µm] | D6: [g] | E6: [%] | F6: [%] | G6: [%]
B7: 16 | C7: 1180 | D7: 0 | E7: 0 | F7: 100 | G7: 100
B8: 20 | C8: 850 | D8: 0 | E8: 0 | F8: 100 | G8: 100
B9: 30 | C9: 600 | D9: 1 | E9: 0.41339396 | F9: 99.586606 | G9: 100
B10: 40 | C10: 425 | D10: 6.4 | E10: 2.6457214 | F10: 96.940885 | G10: 98.21629
B11: 50 | C11: 300 | D11: 17.7 | E11: 7.3170732 | F11: 89.623811 | G11: 88.392635
B12: 70 | C12: 212 | D12: 28.9 | E12: 11.947086 | F12: 77.676726 | G12: 76.664455
B13: 100 | C13: 150 | D13: 33 | E13: 13.642001 | F13: 64.034725 | G13: 65.668973
B14: 140 | C14: 106 | D14: 20.4 | E14: 8.4332369 | F14: 55.601488 | G14: 56.140272
B15: 200 | C15: 75 | D15: 18.6 | E15: 7.6891277 | F15: 47.91236 | G15: 48.225285
B16: 270 | C16: 53 | D16: 13.7 | E16: 5.6634973 | F16: 42.248863 | G16: 41.68656
B17: 325 | C17: 45 | D17: 6.2 | E17: 2.5630426 | F17: 39.685821 | G17: 39.024153
B18: -325 | C18: 0 | D18: 96 | E18: 39.685821 | F18: 0 | G18: 0
B19: Total | D19: 241.9 | E19: 100
F21: P100 [µm] | G21: 486.63327
F22: P80 [µm] | G22: 234.02928
F23: P50 [µm] | G23: 81.534836
B26: GRIND N° 02 | D26: 20 min | E26: Tiempo molienda: | F26: 20 | G26: min
B28: Mesh | C28: Pasante | D28: Masa | E28: Retenido | F28: Pass Actual | G28: Pass Swebrec
B29: ASTM | C29: (µm) | D29: (gr) | E29: (%) | F29: (%) | G29: (%)
B30: 16 | C30: 1180 | D30: 0 | E30: 0 | F30: 100 | G30: 100
B31: 20 | C31: 850 | D31: 0 | E31: 0 | F31: 100 | G31: 100
B32: 30 | C32: 600 | D32: 0 | E32: 0 | F32: 100 | G32: 100
B33: 40 | C33: 425 | D33: 0 | E33: 0 | F33: 100 | G33: 100
B34: 50 | C34: 300 | D34: 0.7 | E34: 0.28782895 | F34: 99.712171 | G34: 100
B35: 70 | C35: 212 | D35: 3.6 | E35: 1.4802632 | F35: 98.231908 | G35: 99.125841
B36: 100 | C36: 150 | D36: 21.8 | E36: 8.9638158 | F36: 89.268092 | G36: 87.97233
B37: 140 | C37: 106 | D37: 36.3 | E37: 14.925987 | F37: 74.342105 | G37: 74.723178
B38: 200 | C38: 75 | D38: 31.1 | E38: 12.787829 | F38: 61.554276 | G38: 62.906411
B39: 270 | C39: 53 | D39: 19.5 | E39: 8.0180921 | F39: 53.536184 | G39: 53.098876
B40: 325 | C40: 45 | D40: 9.2 | E40: 3.7828947 | F40: 49.753289 | G40: 49.156342
B41: -325 | C41: 0 | D41: 121 | E41: 49.753289 | F41: -7.1054274e-15 | G41: 0
B42: Total | D42: 243.2 | E42: 100
F44: P100 [µm] | G44: 226.02976
F45: P80 [µm] | G45: 121.95433
F46: P50 [µm] | G46: 46.671301
B49: GRIND N° 03 | D49: 30 min | E49: Tiempo molienda: | F49: 30 | G49: min
B51: Mesh | C51: Pasante | D51: Masa | E51: Retenido | F51: Pass Actual | G51: Pass Swebrec
B52: ASTM | C52: (µm) | D52: (gr) | E52: (%) | F52: (%) | G52: (%)
B53: 16 | C53: 1180 | D53: 0 | E53: 0 | F53: 100 | G53: 100
B54: 20 | C54: 850 | D54: 0 | E54: 0 | F54: 100 | G54: 100
B55: 30 | C55: 600 | D55: 0 | E55: 0 | F55: 100 | G55: 100
B56: 40 | C56: 425 | D56: 0 | E56: 0 | F56: 100 | G56: 100
B57: 50 | C57: 300 | D57: 0 | E57: 0 | F57: 100 | G57: 100
B58: 70 | C58: 212 | D58: 0 | E58: 0 | F58: 100 | G58: 100
B59: 100 | C59: 150 | D59: 5.4 | E59: 2.2040816 | F59: 97.795918 | G59: 98.208608
B60: 140 | C60: 106 | D60: 28.4 | E60: 11.591837 | F60: 86.204082 | G60: 85.04504
B61: 200 | C61: 75 | D61: 38.8 | E61: 15.836735 | F61: 70.367347 | G61: 71.812992
B62: 270 | C62: 53 | D62: 23.3 | E62: 9.5102041 | F62: 60.857143 | G62: 60.661604
B63: 325 | C63: 45 | D63: 10.4 | E63: 4.244898 | F63: 56.612245 | G63: 56.182439
B64: -325 | C64: 0 | D64: 138.7 | E64: 56.612245 | F64: 1.4210855e-14 | G64: 0
B65: Total | D65: 245 | E65: 100
F67: P100 [µm] | G67: 162.51726
F68: P80 [µm] | G68: 93.374
F69: P50 [µm] | G69: 34.7391
B73: Summary | F73: Cinética Molienda
B74: Tiempo Molienda | C74: P80 | D74: P80 | E74: P50 | F74: P50/P80
B75: [min] | C75: [µm] | D75: [µm] | E75: [µm]
B76: 10 | C76: 230.00646 | D76: 234.02928 | E76: 81.534836 | F76: 0.34839588
B77: 20 | C77: 127.82043 | D77: 121.95433 | E77: 46.671301 | F77: 0.38269489
B78: 30 | C78: 90.646926 | D78: 93.374 | E78: 34.7391 | F78: 0.37204254
B79: 15.28 | C79: 160.57769 | D79: 0
B81: Required
C82: Tiempo Molienda [min] | D82: 14.79798 | E82: Min | F82: :Seg
C83: P80 [µm] | D83: 165 | E83: 14 | F83: : 48
B87: Mill Characteristics | E87: units
B88: ID Mill | D88: Amarillo
B89: Mill Diameter | D89: 17.4 | E89: mm
B90: Mill Long | D90: 22.3 | E90: mm
B91: Mill Volume | D91: 5.3026534 | E91: cc
B92: Load Percentage | D92: 30 | E92: %
B93: Porosity | D93: 0.2
B94: Rod Density | D94: 7.8 | E94: gr/cc
B95: Weight Rods | D95: 9427 | E95: gr
B96: Rods 3/4 | D96: 4428 | E96: gr
B97: Rods 1/2 | D97: 4999 | E97: gr
B98: Rods Number 3/4 | D98: 9
B99: Rods Number 1/2 | D99: 23
B100: Real Weight Rod Charge | D100: 9427 | E100: gr
B101: Mass (ore) | D101: 1.75 | E101: kg
B102: Solids | D102: 68 | E102: %m/m
B109: Análisis Granulométrico P80 Objetivo
B110: Carga de 1750 gr para alimentar a 30% la Flotación Rougher
B112: ASTM # | C112: Abertura, µm | D112: Masa, gr | E112: Ret.Parcial, % | F112: Pasante Experimental, % | G112: Pasante Modelado, %
B113: 20 | C113: 850 | D113: 0 | E113: =D113/$D$125*100 -> 0 | F113: =100-E113 -> 100 | G113: 100
B114: 30 | C114: 600 | D114: 0 | E114: =D114/$D$125*100 -> 0 | F114: =F113-E114 -> 100 | G114: 100
B115: 40 | C115: 425 | D115: 0 | E115: =D115/$D$125*100 -> 0 | F115: =F114-E115 -> 100 | G115: 100
B116: 50 | C116: 300 | D116: 2.9 | E116: =D116/$D$125*100 -> 1.0045029 | F116: =F115-E116 -> 98.995497 | G116: 99.160906
B117: 70 | C117: 212 | D117: 27.6 | E117: =D117/$D$125*100 -> 9.560097 | F117: =F116-E117 -> 89.4354 | G117: 89.221289
B118: 100 | C118: 150 | D118: 36.6 | E118: =D118/$D$125*100 -> 12.67752 | F118: =F117-E118 -> 76.75788 | G118: 76.901561
B119: 140 | C119: 106 | D119: 32.4 | E119: =D119/$D$125*100 -> 11.222723 | F119: =F118-E119 -> 65.535158 | G119: 65.389052
B120: 200 | C120: 75 | D120: 29.4 | E120: =D120/$D$125*100 -> 10.183582 | F120: =F119-E120 -> 55.351576 | G120: 55.627129
B121: 270 | C121: 53 | D121: 22.5 | E121: =D121/$D$125*100 -> 7.7935573 | F121: =F120-E121 -> 47.558019 | G121: 47.565688
B122: 325 | C122: 45 | D122: 9.1 | E122: =D122/$D$125*100 -> 3.152061 | F122: =F121-E122 -> 44.405958 | G122: 44.303198
B123: 400 | C123: 38 | D123: 8.9 | E123: =D123/$D$125*100 -> 3.0827849 | F123: =F122-E123 -> 41.323173 | G123: 41.249688
B124: -400 | C124: 0 | D124: 119.3 | E124: =D124/$D$125*100 -> 41.323173 | F124: =F123-E124 -> 0 | G124: 0
C125: Total | D125: =SUM(D113:D124) -> 288.7 | E125: =SUM(E113:E124) -> 100
...

Sheet 4. SKT Mineral actual y futuro 
A1: Mineral Futuro (en Aminpro)
AA3: P80 | AB3: pH | AC3: Cp
Y4: SKT Rougher | AA4: 173 | AB4: 10.2 | AC4: 29.662763
B6: SKT Rougher - Muestra Futuro | Y6: SKT Cleaner (P80 = 45 µm) | AA6: 42.927333 | AB6: 11.33 | AC6: 18.991733
D7: Cu | E7: Fe | F7: S | G7: Mo | I7: Rougher | J7: Cu-Sulf | K7: MoS2 | L7: FeS2 | M7: FeOX | N7: Gangue | Q7: P80 | R7: pH | S7: Cp
C8: F | D8: 0.66 | E8: 2.24 | F8: 2.13 | G8: 0.0115 | I8: Rmáx | J8: 88.465459 | K8: 76.053794 | L8: 81.032363 | M8: 41.529603 | N8: 36.781285 | Q8: 173 | R8: 10.2 | S8: 29.662763 | Y8: SKT Cleaner (P80 = 35 µm) | AA8: 35.829979 | AB8: 11.35 | AC8: 18.788299
C9: C1 | D9: 6.56 | E9: 14.4 | F9: 17.84 | G9: 0.0832 | I9: k | J9: 1.7377485 | K9: 1.2808731 | L9: 1.5036263 | M9: 0.068883861 | N9: 0.052183274
C10: C2 | D10: 3.11 | E10: 9.8 | F10: 11.42 | G10: 0.0645 | Y10: SKT Cleaner (P80 = 35 µm) | AA10: 22.222607 | AB10: 11.35 | AC10: 18.007227
C11: C3 | D11: 0.53 | E11: 2.64 | F11: 2.39 | G11: 0.0157
C12: C4 | D12: 0.34 | E12: 1.42 | F12: 0.64 | G12: 0.0056
C13: T | D13: 0.096 | E13: 0.99 | F13: 0.45 | G13: 0.0038
C14: Rec. Experimental | D14: 91.025485 | E14: 72.774516 | F14: 86.282227 | G14: 79.801195 | AB14: Cu | AC14: Fe | AD14: S | AE14: Mo
Y15: SKT Rougher | AA15: Rec. Experimental | AB15: 91.025485 | AC15: 72.774516 | AD15: 86.282227 | AE15: 79.801195
Y17: SKT Cleaner (P80 = 45 µm) | AB17: 93.295887 | AC17: 79.299856 | AD17: 80.610624 | AE17: 63.11264
B19: SKT Cleaner - Muestra Futuro (P80 = 45 µm) | Y19: SKT Cleaner (P80 = 35 µm) | AB19: 99.087393 | AC19: 80.097396 | AD19: 82.770695 | AE19: 88.984745
I20: Cleaner | J20: Cu-Sulf | K20: MoS2 | L20: FeS2 | M20: FeOX | N20: Gangue | Q20: P80 | R20: pH | S20: Cp
I21: Rmáx | J21: 85.887465 | K21: 31.221543 | L21: 48.716679 | M21: 84.667928 | N21: 57.679197 | Q21: 42.927333 | R21: 11.33 | S21: 18.991733 | Y21: SKT Cleaner (P80 = 35 µm) | AB21: 98.934891 | AC21: 83.128454 | AD21: 84.188527 | AE21: 90.788041
I22: k | J22: 3.2105682 | K22: 0.43983145 | L22: 3.0929313 | M22: 0.083033721 | N22: 0.012019753
C27: =C14 -> Rec. Experimental | D27: 93.295887 | E27: 79.299856 | F27: 80.610624 | G27: 63.11264
AA30: Rougher | AB30: Cu-Sulf | AC30: MoS2 | AD30: FeS2 | AE30: FeOX | AF30: Ganga
Y31: SKT Rougher | AA31: Rmáx | AB31: 88.465459 | AC31: 76.053794 | AD31: 81.032363 | AE31: 41.529603 | AF31: 36.781285
B32: SKT Cleaner - Muestra Futuro (P80 = 35 µm) | AA32: k | AB32: 1.7377485 | AC32: 1.2808731 | AD32: 1.5036263 | AE32: 0.068883861 | AF32: 0.052183274
J33: Cu-Sulf | K33: MoS2 | L33: FeS2 | M33: FeOX | N33: Gangue | Q33: P80 | R33: pH | S33: Cp | Y33: SKT Cleaner (P80 = 45 µm) | AA33: Rmáx | AB33: 85.887465 | AC33: 31.221543 | AD33: 48.716679 | AE33: 84.667928 | AF33: 57.679197
I34: Rmáx | J34: 96.26767 | K34: 78.563574 | L34: 52.070458 | M34: 76.385566 | N34: 37.078972 | Q34: 35.829979 | R34: 11.35 | S34: 18.788299 | AA34: k | AB34: 3.2105682 | AC34: 0.43983145 | AD34: 3.0929313 | AE34: 0.083033721 | AF34: 0.012019753
I35: k | J35: 2.4991764 | K35: 1.3939552 | L35: 1.6839816 | M35: 0.085135532 | N35: 0.43715987 | Y35: SKT Cleaner (P80 = 35 µm) | AA35: Rmáx | AB35: 96.26767 | AC35: 78.563574 | AD35: 52.070458 | AE35: 76.385566 | AF35: 37.078972
AA36: k | AB36: 2.4991764 | AC36: 1.3939552 | AD36: 1.6839816 | AE36: 0.085135532 | AF36: 0.43715987
Y37: SKT Cleaner (P80 = 35 µm) | AA37: Rmáx | AB37: 95.92863 | AC37: 80.255318 | AD37: 48.808362 | AE37: 92.677138 | AF37: 62.90547
AA38: k | AB38: 2.1056917 | AC38: 0.47840784 | AD38: 1.5826905 | AE38: 0.060908405 | AF38: 0.0062128734
C40: =C27 -> Rec. Experimental | D40: 99.087393 | E40: 80.097396 | F40: 82.770695 | G40: 88.984745
AA42: Pruebas | AB42: Cu | AC42: Fe | AD42: S | AE42: Mo
Y43: SKT Rougher | AA43: F | AB43: 0.66 | AC43: 2.24 | AD43: 2.13 | AE43: 0.0115
AA44: C1 | AB44: 6.56 | AC44: 14.4 | AD44: 17.84 | AE44: 0.0832
B45: SKT Cleaner - Muestra Futuro (P80 = 25 µm) | AA45: C2 | AB45: 3.11 | AC45: 9.8 | AD45: 11.42 | AE45: 0.0645
J46: Cu-Sulf | K46: MoS2 | L46: FeS2 | M46: FeOX | N46: Gangue | Q46: P80 | R46: pH | S46: Cp | AA46: C3 | AB46: 0.53 | AC46: 2.64 | AD46: 2.39 | AE46: 0.0157
I47: Rmáx | J47: 95.92863 | K47: 80.255318 | L47: 48.808362 | M47: 92.677138 | N47: 62.90547 | Q47: 22.222607 | R47: 11.35 | S47: 18.007227 | AA47: C4 | AB47: 0.34 | AC47: 1.42 | AD47: 0.64 | AE47: 0.0056
I48: k | J48: 2.1056917 | K48: 0.47840784 | L48: 1.5826905 | M48: 0.060908405 | N48: 0.0062128734 | AA48: T | AB48: 0.096 | AC48: 0.99 | AD48: 0.45 | AE48: 0.0038
AA49: Rec. Experimental | AB49: 91.025485 | AC49: 72.774516 | AD49: 86.282227 | AE49: 79.801195
C53: =C40 -> Rec. Experimental | D53: 98.934891 | E53: 83.128454 | F53: 84.188527 | G53: 90.788041
A60: Mineral Actual LS2
AA63: P80 | AB63: pH | AC63: Cp
Y64: SKT Rougher | AA64: 138.8378 | AB64: 10.24 | AC64: 28.688897
B66: SKT Rougher - Muestra Actual | Y66: SKT Producto Remolienda | AA66: 81.599418 | AB66: 12.11 | AC66: 23.93891
D67: Cu | E67: Fe | F67: S | G67: Mo | J67: Cu-Sulf | K67: MoS2 | L67: FeS2 | M67: FeOX | N67: Gangue | Q67: P80 | R67: pH | S67: Cp
C68: F | D68: 0.48 | E68: 2.44 | F68: 2.33 | G68: 0.0218 | I68: Rmáx | J68: 92.185476 | K68: 89.770395 | L68: 89.729066 | M68: 35.408599 | N68: 40.145638 | Q68: 138.8378 | R68: 10.24 | S68: 28.688897 | Y68: SKT Relave 1ra Limpieza | AA68: 68.977202 | AB68: 12.01 | AC68: 22.863422
C69: C1 | D69: 3.83 | E69: 23.4 | F69: 25.28 | G69: 0.0893 | I69: k | J69: 1.1439699 | K69: 0.46761731 | L69: 1.9270483 | M69: 1.415788 | N69: 0.029689289
C70: C2 | D70: 2.32 | E70: 7.62 | F70: 8.86 | G70: 0.1198
C71: C3 | D71: 0.74 | E71: 1.81 | F71: 1.79 | G71: 0.0683
C72: C4 | D72: 0.08 | E72: 0.7 | F72: 0.42 | G72: 0.0067
C73: T | D73: 0.04 | E73: 0.67 | F73: 0.28 | G73: 0.0025
C74: Rec. Experimental | D74: 94.715848 | E74: 84.008167 | F74: 92.957715 | G74: 92.755632 | AB74: Cu | AC74: Fe | AD74: S | AE74: Mo
Y75: SKT Rougher | AA75: Rec. Experimental | AB75: 94.715848 | AC75: 84.008167 | AD75: 92.957715 | AE75: 92.755632
Y77: SKT Producto Remolienda | AB77: 99.310548 | AC77: 87.060555 | AD77: 87.543881 | AE77: 93.0732
B79: SKT Producto Remolienda - Muestra Actual | Y79: SKT Relave 1ra Limpieza | AB79: 99.458052 | AC79: 89.595593 | AD79: 90.586177 | AE79: 90.787905
J80: Cu-Sulf | K80: MoS2 | L80: FeS2 | M80: FeOX | N80: Gangue | Q80: P80 | R80: pH | S80: Cp
I81: Rmáx | J81: 97.780973 | K81: 89.640165 | L81: 79.32962 | M81: 99.99 | N81: 53.746116 | Q81: 81.599418 | R81: 12.11 | S81: 23.93891
I82: k | J82: 1.1655469 | K82: 0.49519834 | L82: 0.40764994 | M82: 0.17523331 | N82: 0.40419138
AA86: Rougher | AB86: Cu-Sulf | AC86: MoS2 | AD86: FeS2 | AE86: FeOX | AF86: Ganga
C87: =C74 -> Rec. Experimental | D87: 99.310548 | E87: 87.060555 | F87: 87.543881 | G87: 93.0732 | Y87: SKT Rougher | AA87: Rmáx | AB87: 92.185476 | AC87: 89.770395 | AD87: 89.729066 | AE87: 35.408599 | AF87: 40.145638
AA88: k | AB88: 1.1439699 | AC88: 0.46761731 | AD88: 1.9270483 | AE88: 1.415788 | AF88: 0.029689289
Y89: SKT Producto Remolienda | AA89: Rmáx | AB89: 97.780973 | AC89: 89.640165 | AD89: 79.32962 | AE89: 99.99 | AF89: 53.746116
AA90: k | AB90: 1.1655469 | AC90: 0.49519834 | AD90: 0.40764994 | AE90: 0.17523331 | AF90: 0.40419138
Y91: SKT Relave 1ra Limpieza | AA91: Rmáx | AB91: 99.99 | AC91: 86.64 | AD91: 83.747781 | AE91: 99.375716 | AF91: 51.633962
B92: SKT Relave 1ra Limpieza - Muestra Actual | AA92: k | AB92: 1.3012425 | AC92: 0.41542458 | AD92: 0.46139913 | AE92: 0.13430965 | AF92: 0.33462163
J93: Cu-Sulf | K93: MoS2 | L93: FeS2 | M93: FeOX | N93: Gangue | Q93: P80 | R93: pH | S93: Cp
I94: Rmáx | J94: 99.99 | K94: 86.64 | L94: 83.747781 | M94: 99.375716 | N94: 51.633962 | Q94: 68.977202 | R94: 12.01 | S94: 22.863422
I95: k | J95: 1.3012425 | K95: 0.41542458 | L95: 0.46139913 | M95: 0.13430965 | N95: 0.33462163
AA96: Pruebas | AB96: Cu | AC96: Fe | AD96: S | AE96: Mo
Y97: SKT Rougher | AA97: F | AB97: 0.48 | AC97: 2.44 | AD97: 2.33 | AE97: 0.0218
AA98: C1 | AB98: 3.83 | AC98: 23.4 | AD98: 25.28 | AE98: 0.0893
AA99: C2 | AB99: 2.32 | AC99: 7.62 | AD99: 8.86 | AE99: 0.1198
C100: =C87 -> Rec. Experimental | D100: 99.458052 | E100: 89.595593 | F100: 90.586177 | G100: 90.787905 | AA100: C3 | AB100: 0.74 | AC100: 1.81 | AD100: 1.79 | AE100: 0.0683
AA101: C4 | AB101: 0.08 | AC101: 0.7 | AD101: 0.42 | AE101: 0.0067
AA102: T | AB102: 0.04 | AC102: 0.67 | AD102: 0.28 | AE102: 0.0025
AA103: Rec. Experimental | AB103: 94.715848 | AC103: 84.008167 | AD103: 92.957715 | AE103: 92.755632
A106: Resumen
T112: Alimentación, % | X112: P80 | Y112: Cu-Sulf | Z112: Cu-Sulf | AA112: Rec. Cu
B113: P80 Remolienda | C113: Rec. Cu | D113: Cu sulf. | E113: Cu sulf. | T113: Cu | U113: Fe | V113: S | W113: Mo | X113: µm | Y113: Rmáx | Z113: k | AA113: Experimental
B114: Nominal | C114: Experimental | D114: Rmáx | E114: k | S114: =+B6 -> SKT Rougher - Muestra Futuro | T114: =+D8 -> 0.66 | U114: 0 | V114: =+F8 -> 2.13 | W114: =+G8 -> 0.0115 | X114: =+Q8 -> 173 | Y114: =+J8 -> 88.465459 | Z114: =+J9 -> 1.7377485 | AA114: =+D14 -> 91.025485
B115: 45 | C115: =+D27 -> 93.295887 | D115: =+J21 -> 85.887465 | E115: =+J22 -> 3.2105682 | S115: =+B66 -> SKT Rougher - Muestra Actual | T115: =+D68 -> 0.48 | U115: 0 | V115: =+F68 -> 2.33 | W115: =+G68 -> 0.0218 | X115: =+Q68 -> 138.8378 | Y115: =+J68 -> 92.185476 | Z115: =+J69 -> 1.1439699 | AA115: =+D74 -> 94.715848
B116: 35 | C116: =+D40 -> 99.087393 | D116: =+J34 -> 96.26767 | E116: =+J35 -> 2.4991764
B117: 25 | C117: =+D53 -> 98.934891 | D117: =+J47 -> 95.92863 | E117: =+J48 -> 2.1056917
R120: Muestra Futuro | S120: Rec. | T120: 49.782476 | U120: 74.282778 | V120: 83.905819 | W120: 87.616395 | X120: 88.652193
R121: Rougher | S121: Grade | T121: 10.705885 | U121: 8.8740702 | V121: 7.1944426 | W121: 5.448161 | X121: 3.5089494
S122: Rec. Wt | T122: 3.0690067 | U122: 5.5247065 | V122: 7.697308 | W122: 10.614007 | X122: 16.674634
R127: Muestra Actual LS2 | S127: Rec. | T127: 60.801308 | U127: 78.339213 | V127: 86.598308 | W127: 90.363831 | X127: 91.914557
R128: Rougher | S128: Grade | T128: 6.0625685 | U128: 5.7691589 | V128: 5.1749326 | W128: 4.4037439 | X128: 3.3856363
S129: Rec. Wt | T129: 4.8139049 | U129: 6.5179037 | V129: 8.0324115 | W129: 9.8494917 | X129: 13.031225
S138: Simulación Rougher Muestra Actual LS2

Sheet 4.1 SKT Ro y Cleaner compósito
A2: SKT Rougher Compósito | BQ2: Análisis Granulométrico
BQ3: Malla | BR3: µm | BS3: Masa, gr | BT3: Ret. Parc. | BU3: Ret. Acum. | BV3: Pasante
BQ4: 50 | BR4: 300 | BS4: 5.5 | BT4: =BS4/$BS$14*100 -> 2.2764901 | BU4: =BT4 -> 2.2764901 | BV4: =100-BU4 -> 97.72351 | BX4: =IF(BV4=80,$BR4,IF(BV4>80,IF(BV5<80,$BR5*10^(LOG(80/BV5)*LOG($BR4/$BR5)/LOG(BV4/BV5)),0),0)) -> 0 | BY4: =IF(BV4=50,$BR4,IF(BV4>50,IF(BV5<50,$BR5*10^(LOG(50/BV5)*LOG($BR4/$BR5)/LOG(BV4/BV5)),0),0)) -> 0
BQ5: 70 | BR5: 212 | BS5: 13.8 | BT5: =BS5/$BS$14*100 -> 5.7119205 | BU5: =BU4+BT5 -> 7.9884106 | BV5: =100-BU5 -> 92.011589 | BX5: =IF(BV5=80,$BR5,IF(BV5>80,IF(BV6<80,$BR6*10^(LOG(80/BV6)*LOG($BR5/$BR6)/LOG(BV5/BV6)),0),0)) -> 159.96876 | BY5: =IF(BV5=50,$BR5,IF(BV5>50,IF(BV6<50,$BR6*10^(LOG(50/BV6)*LOG($BR5/$BR6)/LOG(BV5/BV6)),0),0)) -> 0
BQ6: 100 | BR6: 150 | BS6: 35.1 | BT6: =BS6/$BS$14*100 -> 14.528146 | BU6: =BU5+BT6 -> 22.516556 | BV6: =100-BU6 -> 77.483444 | BX6: =IF(BV6=80,$BR6,IF(BV6>80,IF(BV7<80,$BR7*10^(LOG(80/BV7)*LOG($BR6/$BR7)/LOG(BV6/BV7)),0),0)) -> 0 | BY6: =IF(BV6=50,$BR6,IF(BV6>50,IF(BV7<50,$BR7*10^(LOG(50/BV7)*LOG($BR6/$BR7)/LOG(BV6/BV7)),0),0)) -> 0
BQ7: 140 | BR7: 106 | BS7: 34.2 | BT7: =BS7/$BS$14*100 -> 14.155629 | BU7: =BU6+BT7 -> 36.672185 | BV7: =100-BU7 -> 63.327815 | BX7: =IF(BV7=80,$BR7,IF(BV7>80,IF(BV8<80,$BR8*10^(LOG(80/BV8)*LOG($BR7/$BR8)/LOG(BV7/BV8)),0),0)) -> 0 | BY7: =IF(BV7=50,$BR7,IF(BV7>50,IF(BV8<50,$BR8*10^(LOG(50/BV8)*LOG($BR7/$BR8)/LOG(BV7/BV8)),0),0)) -> 0
BQ8: 200 | BR8: 75 | BS8: 12.4 | BT8: =BS8/$BS$14*100 -> 5.1324503 | BU8: =BU7+BT8 -> 41.804636 | BV8: =100-BU8 -> 58.195364 | BX8: =IF(BV8=80,$BR8,IF(BV8>80,IF(BV9<80,$BR9*10^(LOG(80/BV9)*LOG($BR8/$BR9)/LOG(BV8/BV9)),0),0)) -> 0 | BY8: =IF(BV8=50,$BR8,IF(BV8>50,IF(BV9<50,$BR9*10^(LOG(50/BV9)*LOG($BR8/$BR9)/LOG(BV8/BV9)),0),0)) -> 0
E9: Reagents, g/T | BQ9: 270 | BR9: 53 | BS9: 15.8 | BT9: =BS9/$BS$14*100 -> 6.5397351 | BU9: =BU8+BT9 -> 48.344371 | BV9: =100-BU9 -> 51.655629 | BX9: =IF(BV9=80,$BR9,IF(BV9>80,IF(BV10<80,$BR10*10^(LOG(80/BV10)*LOG($BR9/$BR10)/LOG(BV9/BV10)),0),0)) -> 0 | BY9: =IF(BV9=50,$BR9,IF(BV9>50,IF(BV10<50,$BR10*10^(LOG(50/BV10)*LOG($BR9/$BR10)/LOG(BV9/BV10)),0),0)) -> 49.396909
B10: STAGE | C10: min:seg | D10: pH | E10: eH, mV | F10: CaO | G10: =G14 -> Matcol 715 | H10: =G15 -> FP 650 | I10: =G16 -> 0 | J10: =G17 -> 0 | K10: =G18 -> 0 | L10: =G19 -> 0 | N10: Wet Mass | O10: Dry Mass | P10: % Sol | BQ10: 325 | BR10: 45 | BS10: 9.1 | BT10: =BS10/$BS$14*100 -> 3.7665563 | BU10: =BU9+BT10 -> 52.110927 | BV10: =100-BU10 -> 47.889073 | BX10: =IF(BV10=80,$BR10,IF(BV10>80,IF(BV11<80,$BR11*10^(LOG(80/BV11)*LOG($BR10/$BR11)/LOG(BV10/BV11)),0),0)) -> 0 | BY10: =IF(BV10=50,$BR10,IF(BV10>50,IF(BV11<50,$BR11*10^(LOG(50/BV11)*LOG($BR10/$BR11)/LOG(BV10/BV11)),0),0)) -> 0
B11: Grind | C11: 16:47 | D11: 8.47 | E11: 141.1 | F11: 300 | G11: 28 | H11: 0 | N11: =O11/P11 -> 2573.5294 | O11: 1750 | P11: 0.68 | BQ11: 400 | BR11: 38 | BS11: 7.6 | BT11: =BS11/$BS$14*100 -> 3.1456954 | BU11: =BU10+BT11 -> 55.256623 | BV11: =100-BU11 -> 44.743377 | BX11: =IF(BV11=80,$BR11,IF(BV11>80,IF(BV12<80,$BR12*10^(LOG(80/BV12)*LOG($BR11/$BR12)/LOG(BV11/BV12)),0),0)) -> 0 | BY11: =IF(BV11=50,$BR11,IF(BV11>50,IF(BV12<50,$BR12*10^(LOG(50/BV12)*LOG($BR11/$BR12)/LOG(BV11/BV12)),0),0)) -> 0
BQ12: 500 | BR12: 25 | BS12: 12.1 | BT12: =BS12/$BS$14*100 -> 5.0082781 | BU12: =BU11+BT12 -> 60.264901 | BV12: =100-BU12 -> 39.735099 | BX12: =IF(BV12=80,$BR12,IF(BV12>80,IF(BV13<80,$BR13*10^(LOG(80/BV13)*LOG($BR12/$BR13)/LOG(BV12/BV13)),0),0)) -> 0 | BY12: =IF(BV12=50,$BR12,IF(BV12>50,IF(BV13<50,$BR13*10^(LOG(50/BV13)*LOG($BR12/$BR13)/LOG(BV12/BV13)),0),0)) -> 0
B13: Grinding Conditions | F13: Reagent Names/ID | BQ13: -500 | BR13: 0 | BS13: 96 | BT13: =BS13/$BS$14*100 -> 39.735099 | BU13: =BU12+BT13 -> 100 | BV13: =100-BU13 -> 0 | BX13: =IF(BV13=80,$BR13,IF(BV13>80,IF(BV14<80,$BR14*10^(LOG(80/BV14)*LOG($BR13/$BR14)/LOG(BV13/BV14)),0),0)) -> 0 | BY13: =IF(BV13=50,$BR13,IF(BV13>50,IF(BV14<50,$BR14*10^(LOG(50/BV14)*LOG($BR13/$BR14)/LOG(BV13/BV14)),0),0)) -> 0
C14: Mill Diameter [cm] | D14: 17.4 | F14: Reagent 1 | G14: Matcol 715 | H14: =G30 -> 28 | P14: =P20-BS14 -> 0 | BS14: =SUM(BS4:BS13) -> 241.6 | BT14: =SUM(BT4:BT13) -> 100 | BX14: =SUM(BX4:BX13) -> 159.96876 | BY14: =SUM(BY4:BY13) -> 49.396909
C15: Mill Length [cm] | D15: 22.3 | F15: Reagent 2 | G15: FP 650 | H15: =H30 -> 32 | N15: ASTM | O15: µm | P15: Mass (g) | Q15: % Mass
C16: Steel Charge [g] | D16: 9371 | F16: Reagent 3 | H16: =I30 -> 0 | M16: FEED | N16: 70 | O16: 212 | P16: =SUM(BS4:BS5) -> 19.3 | Q16: =+P16/$P$20*100 -> 7.9884106 | BR16: P80 | BS16: =BX14 -> 159.96876
C17: Mill Speed [RPM] | D17: 77 | F17: Reagent 4 | M17: Screens | N17: 140 | O17: 106 | P17: =SUM(BS6:BS7) -> 69.3 | Q17: =+P17/$P$20*100 -> 28.683775 | R17: 2 | AF17: 3 | AG17: 4 | AH17: 5 | AI17: 6 | AJ17: 7 | AK17: 8 | BR17: P50 | BS17: =BY14 -> 49.396909
C18: % solids [% m/m) | D18: =P11 -> 0.68 | F18: Reagent 5 | N18: 325 | O18: 45 | P18: =SUM(BS8:BS10) -> 37.3 | Q18: =+P18/$P$20*100 -> 15.438742 | R18: Tracers [%] | AF18: Adders [%] | AU18: Mineralogy [Qemscan / MLA / XRD]
F19: Reagent 6 | N19: pan | O19: 0 | P19: =SUM(BS11:BS13) -> 115.7 | Q19: =+P19/$P$20*100 -> 47.889073 | AF19: Cu | AG19: Fe | AH19: S | AI19: Mo | BJ19: Bandeja | BK19: Tara
N20: Feed Assay | P20: =SUM(P16:P19) -> 241.6 | Q20: =+P20/$P$20*100 -> 100 | R20: 0 | AF20: 0.66 | AG20: 2.24 | AH20: 2.13 | AI20: 0.0115 | AJ20: 0 | AK20: 0 | AL20: =+VLOOKUP($BQ26,aquimicos,AL$17,FALSE) -> #VALUE! | AM20: =+VLOOKUP($BQ26,aquimicos,AM$17,FALSE) -> #VALUE! | AN20: =+VLOOKUP($BQ26,aquimicos,AN$17,FALSE) -> #VALUE! | AO20: =+VLOOKUP($BQ26,aquimicos,AO$17,FALSE) -> #VALUE! | AP20: =+VLOOKUP($BQ26,aquimicos,AP$17,FALSE) -> #VALUE! | AQ20: =+VLOOKUP($BQ26,aquimicos,AQ$17,FALSE) -> #VALUE! | AR20: =+VLOOKUP($BQ26,aquimicos,AR$17,FALSE) -> #VALUE! | AS20: =+VLOOKUP($BQ26,aquimicos,AS$17,FALSE) -> #VALUE! | ... BI20: =+VLOOKUP($BQ26,aquimicos,BI$17,FALSE) -> #VALUE!
E22: Reactivos/reagents, g/t
B23: Stage | C23: Cum t,min | D23: =D10 -> pH | E23: =E10 -> eH, mV | F23: =F10 -> CaO | G23: =G10 -> Matcol 715 | H23: =H10 -> FP 650 | I23: =+G16 -> 0 | J23: =+G17 -> 0 | K23: =+G18 -> 0 | L23: =+G19 -> 0 | M23: Stage
N24: Wet | O24: Dry | P24: % Solids | Q24: Mass | R24: Tracers [g/t] | AF24: Adders [%] | AU24: Mineralogy [Qemscan / MLA / XRD]
B25: Conditioning 2 | C25: 1 | D25: 10.21 | E25: 66 | F25: =(H36*10%)/($O$34/1000000) -> 923.7342 | H25: 16 | N25: Mass | O25: Mass | P25: by mass | Q25: Dist (%) | R25: =R$19 -> 0 | S25: =S$19 -> 0 | T25: =T$19 -> 0 | U25: =U$19 -> 0 | V25: =V$19 -> 0 | W25: =W$19 -> 0 | X25: =X$19 -> 0 | Y25: =Y$19 -> 0 | ... BI25: =BI$19 -> 0 | BJ25: Bandeja | BK25: Tara | BO25: Bandeja | BP25: Peso pulpa | BQ25: Codigo Aminpro
B26: Flot 1 | C26: 0.75 | D26: 10.23 | E26: 58.8 | F26: =(H37*10%)/($O$34/1000000) -> 80.826742 | M26: Conc 1 | N26: =+BP27-BK26 -> 537.3 | O26: 114.1 | P26: =O26/N26*100 -> 21.235809 | Q26: =O26/$O$34*100 -> 6.5873795 | R26: 0 | AF26: 6.56 | AG26: 14.4 | AH26: 17.84 | AI26: 0.0832 | AJ26: 0 | AK26: 0 | BJ26: F161 | BK26: 385.8 | BO26: F | BQ26: SKT Rougher-F
B27: Flot 2 | C27: 2 | D27: 10.2 | E27: 65 | F27: =(H38*10%)/($O$34/1000000) -> 0 | M27: Conc 2 | N27: =+BP28-BK27 -> 394.7 | O27: 52.9 | P27: =O27/N27*100 -> 13.402584 | Q27: =O27/$O$34*100 -> 3.0540962 | R27: 0 | AF27: 3.11 | AG27: 9.8 | AH27: 11.42 | AI27: 0.0645 | AJ27: 0 | AK27: 0 | BJ27: F145 | BK27: 405.9 | BO27: C1 | BP27: 923.1 | BQ27: SKT Rougher-C1
B28: Flot 3 | C28: 8 | D28: 10.2 | E28: 66.9 | F28: =(H39*10%)/($O$34/1000000) -> 115.46677 | M28: Conc 3 | N28: =+BP29-BK28 -> 1642 | O28: 141.3 | P28: =O28/N28*100 -> 8.6053593 | Q28: =O28/$O$34*100 -> 8.1577276 | R28: 0 | AF28: 0.53 | AG28: 2.64 | AH28: 2.39 | AI28: 0.0157 | AJ28: 0 | AK28: 0 | BJ28: F012 | BK28: 399.3 | BO28: C2 | BP28: 800.6 | BQ28: SKT Rougher-C2
B29: Flot 4 | C29: 30 | D29: 10.22 | E29: 68.9 | F29: =(H40*10%)/($O$34/1000000) -> 173.20016 | H29: 16 | M29: Conc 4 | N29: =+BP30-BK29 -> 4488.4 | O29: 303.3 | P29: =O29/N29*100 -> 6.7574191 | Q29: =O29/$O$34*100 -> 17.510536 | R29: 0 | AF29: 0.34 | AG29: 1.42 | AH29: 0.64 | AI29: 0.0056 | AJ29: 0 | AK29: 0 | BJ29: B035 | BK29: 593.8 | BO29: C3 | BP29: 2041.3 | BQ29: SKT Rougher-C3
B30: Total | C30: =C29 -> 30 | F30: =+SUM(F24:F29,F11) -> 1593.2279 | G30: =+SUM(G24:G29,G11) -> 28 | H30: =+SUM(H24:H29,H11) -> 32 | I30: =+SUM(I24:I29,I11) -> 0 | J30: =+SUM(J24:J29,J11) -> 0 | K30: =+SUM(K24:K29,K11) -> 0 | L30: =+SUM(L24:L29,L11) -> 0 | M30: Tot Conc | N30: =SUM(N26:N29) -> 7062.4 | O30: =SUM(O26:O29) -> 611.6 | P30: =O30/N30*100 -> 8.6599456 | Q30: =O30/$O$34*100 -> 35.30974 | R30: 0 | S30: =IF(S19=0,0,SUMPRODUCT(S26:S29,$Q$26:$Q$29)/$Q$30) -> 0 | T30: =IF(T19=0,0,SUMPRODUCT(T26:T29,$Q$26:$Q$29)/$Q$30) -> 0 | U30: =IF(U19=0,0,SUMPRODUCT(U26:U29,$Q$26:$Q$29)/$Q$30) -> 0 | V30: =IF(V19=0,0,SUMPRODUCT(V26:V29,$Q$26:$Q$29)/$Q$30) -> 0 | W30: =IF(W19=0,0,SUMPRODUCT(W26:W29,$Q$26:$Q$29)/$Q$30) -> 0 | X30: =IF(X19=0,0,SUMPRODUCT(X26:X29,$Q$26:$Q$29)/$Q$30) -> 0 | Y30: =IF(Y19=0,0,SUMPRODUCT(Y26:Y29,$Q$26:$Q$29)/$Q$30) -> 0 | Z30: =IF(Z19=0,0,SUMPRODUCT(Z26:Z29,$Q$26:$Q$29)/$Q$30) -> 0 | ... AE30: =IF(AE19=0,0,SUMPRODUCT(AE26:AE29,$Q$26:$Q$29)/$Q$30) -> 0 | AF30: 1.7838882 | AG30: 4.8482309 | AH30: 5.1855477 | AI30: 0.027505003 | AJ30: 0 | AK30: 0 | AL30: =IF(AL19=0,0,SUMPRODUCT(AL26:AL29,$Q$26:$Q$29)/$Q$30) -> 0 | AM30: =IF(AM19=0,0,SUMPRODUCT(AM26:AM29,$Q$26:$Q$29)/$Q$30) -> 0 | AN30: =IF(AN19=0,0,SUMPRODUCT(AN26:AN29,$Q$26:$Q$29)/$Q$30) -> 0 | AO30: =IF(AO19=0,0,SUMPRODUCT(AO26:AO29,$Q$26:$Q$29)/$Q$30) -> 0 | AP30: =IF(AP19=0,0,SUMPRODUCT(AP26:AP29,$Q$26:$Q$29)/$Q$30) -> 0 | AQ30: =IF(AQ19=0,0,SUMPRODUCT(AQ26:AQ29,$Q$26:$Q$29)/$Q$30) -> 0 | AR30: =IF(AR19=0,0,SUMPRODUCT(AR26:AR29,$Q$26:$Q$29)/$Q$30) -> 0 | AS30: =IF(AS19=0,0,SUMPRODUCT(AS26:AS29,$Q$26:$Q$29)/$Q$30) -> 0 | ... BI30: =IF(BI19=0,0,SUMPRODUCT(BI26:BI29,$Q$26:$Q$29)/$Q$30) -> 0 | BO30: C4 | BP30: 5082.2 | BQ30: SKT Rougher-C4
B31: Tail | D31: 10.22 | E31: 66.8 | M31: Tail | N31: =+BP31-BK31 -> 5763.3 | O31: 1120.5 | P31: =O31/(O31+D35*1000-O31/4.2)*100 -> 19.995666 | Q31: =O31/$O$34*100 -> 64.69026 | R31: 0 | S31: =IF(S19=0,0,AVERAGE(S32:S33)) -> 0 | T31: =IF(T19=0,0,AVERAGE(T32:T33)) -> 0 | U31: =IF(U19=0,0,AVERAGE(U32:U33)) -> 0 | V31: =IF(V19=0,0,AVERAGE(V32:V33)) -> 0 | W31: =IF(W19=0,0,AVERAGE(W32:W33)) -> 0 | X31: =IF(X19=0,0,AVERAGE(X32:X33)) -> 0 | Y31: =IF(Y19=0,0,AVERAGE(Y32:Y33)) -> 0 | Z31: =IF(Z19=0,0,AVERAGE(Z32:Z33)) -> 0 | ... AE31: =IF(AE19=0,0,AVERAGE(AE32:AE33)) -> 0 | AF31: 0.096 | AG31: 0.99 | AH31: 0.45 | AI31: 0.0038 | AJ31: 0 | AK31: 0 | AL31: =IF(AL19=0,0,AVERAGE(AL32:AL33)) -> 0 | AM31: =IF(AM19=0,0,AVERAGE(AM32:AM33)) -> 0 | AN31: =IF(AN19=0,0,AVERAGE(AN32:AN33)) -> 0 | AO31: =IF(AO19=0,0,AVERAGE(AO32:AO33)) -> 0 | AP31: =IF(AP19=0,0,AVERAGE(AP32:AP33)) -> 0 | AQ31: =IF(AQ19=0,0,AVERAGE(AQ32:AQ33)) -> 0 | AR31: =IF(AR19=0,0,AVERAGE(AR32:AR33)) -> 0 | AS31: =IF(AS19=0,0,AVERAGE(AS32:AS33)) -> 0 | ... BI31: =IF(BI19=0,0,AVERAGE(BI32:BI33)) -> 0 | BJ31: C-2 | BK31: 1457.5 | BO31: T | BP31: 7220.8 | BQ31: SKT Rougher-T
M32: Tail1 | R32: 0 | AF32: 0.096 | AG32: 0.99 | AH32: 0.45 | AI32: 0.0038 | AJ32: 0 | AK32: 0
H33: CAL 10% | I33: NaHS | M33: Tail2
B34: Flotation Cell | H34: mL | I34: mL | M34: Calc Feed | N34: =SUM(N30:N31) -> 12825.7 | O34: =SUM(O30:O31) -> 1732.1 | P34: =O34/(O34+D35*1000-O34/4.2)*100 -> 28.536853 | Q34: =O34/$O$34*100 -> 100 | R34: =IF(R19=0,0,SUMPRODUCT(R30:R31,$Q$30:$Q$31)/$Q$34) -> 0 | S34: =IF(S19=0,0,SUMPRODUCT(S30:S31,$Q$30:$Q$31)/$Q$34) -> 0 | T34: =IF(T19=0,0,SUMPRODUCT(T30:T31,$Q$30:$Q$31)/$Q$34) -> 0 | U34: =IF(U19=0,0,SUMPRODUCT(U30:U31,$Q$30:$Q$31)/$Q$34) -> 0 | V34: =IF(V19=0,0,SUMPRODUCT(V30:V31,$Q$30:$Q$31)/$Q$34) -> 0 | W34: =IF(W19=0,0,SUMPRODUCT(W30:W31,$Q$30:$Q$31)/$Q$34) -> 0 | X34: =IF(X19=0,0,SUMPRODUCT(X30:X31,$Q$30:$Q$31)/$Q$34) -> 0 | Y34: =IF(Y19=0,0,SUMPRODUCT(Y30:Y31,$Q$30:$Q$31)/$Q$34) -> 0 | ... AE34: =IF(AE19=0,0,SUMPRODUCT(AE30:AE31,$Q$30:$Q$31)/$Q$34) -> 0 | AF34: 0.69198892 | AG34: 2.3523313 | AH34: 2.1221096 | AI34: 0.012170175 | AJ34: 0 | AK34: 0 | AL34: =IF(AL19=0,0,SUMPRODUCT(AL30:AL31,$Q$30:$Q$31)/$Q$34) -> 0 | AM34: =IF(AM19=0,0,SUMPRODUCT(AM30:AM31,$Q$30:$Q$31)/$Q$34) -> 0 | AN34: =IF(AN19=0,0,SUMPRODUCT(AN30:AN31,$Q$30:$Q$31)/$Q$34) -> 0 | AO34: =IF(AO19=0,0,SUMPRODUCT(AO30:AO31,$Q$30:$Q$31)/$Q$34) -> 0 | AP34: =IF(AP19=0,0,SUMPRODUCT(AP30:AP31,$Q$30:$Q$31)/$Q$34) -> 0 | AQ34: =IF(AQ19=0,0,SUMPRODUCT(AQ30:AQ31,$Q$30:$Q$31)/$Q$34) -> 0 | AR34: =IF(AR19=0,0,SUMPRODUCT(AR30:AR31,$Q$30:$Q$31)/$Q$34) -> 0 | AS34: =IF(AS19=0,0,SUMPRODUCT(AS30:AS31,$Q$30:$Q$31)/$Q$34) -> 0 | ... BI34: =IF(BI19=0,0,SUMPRODUCT(BI30:BI31,$Q$30:$Q$31)/$Q$34) -> 0
C35: Effective Volume [L] | D35: 4.75 | P35: Error | R35: =IF(R19=0,0,ABS(R34-R20)/R20*100) -> 0 | S35: =IF(S19=0,0,ABS(S34-S20)/S20*100) -> 0 | T35: =IF(T19=0,0,ABS(T34-T20)/T20*100) -> 0 | U35: =IF(U19=0,0,ABS(U34-U20)/U20*100) -> 0 | V35: =IF(V19=0,0,ABS(V34-V20)/V20*100) -> 0 | W35: =IF(W19=0,0,ABS(W34-W20)/W20*100) -> 0 | X35: =IF(X19=0,0,ABS(X34-X20)/X20*100) -> 0 | Y35: =IF(Y19=0,0,ABS(Y34-Y20)/Y20*100) -> 0 | ... AE35: =IF(AE19=0,0,ABS(AE34-AE20)/AE20*100) -> 0 | AF35: 4.8468053 | AG35: 5.014789 | AH35: 0.37044235 | AI35: 5.8276081 | AJ35: 0 | AK35: 0 | AL35: =IF(AL19=0,0,ABS(AL34-AL20)/AL20*100) -> 0 | AM35: =IF(AM19=0,0,ABS(AM34-AM20)/AM20*100) -> 0 | AN35: =IF(AN19=0,0,ABS(AN34-AN20)/AN20*100) -> 0 | AO35: =IF(AO19=0,0,ABS(AO34-AO20)/AO20*100) -> 0 | AP35: =IF(AP19=0,0,ABS(AP34-AP20)/AP20*100) -> 0 | AQ35: =IF(AQ19=0,0,ABS(AQ34-AQ20)/AQ20*100) -> 0 | AR35: =IF(AR19=0,0,ABS(AR34-AR20)/AR20*100) -> 0 | AS35: =IF(AS19=0,0,ABS(AS34-AS20)/AS20*100) -> 0 | ... BI35: =IF(BI19=0,0,ABS(BI34-BI20)/BI20*100) -> 0
C36: Cell Area [m2] | D36: 0.029 | G36: Acond | H36: 16
C37: N2 [l/min] | D37: 8 | G37: C1 | H37: 1.4
C38: Jg [cm/sec] | D38: =+((D37/60000)/D36)*100 -> 0.45977011 | G38: C2 | H38: 0 | AF38: Recovery (Preliminary) | AU38: Recovery (Preliminary)
C39: Impeller Diameter [cm] | D39: 7.3 | G39: C3 | H39: 2 | O39: Time | P39: Water | Q39: Mass | R39: =R$19 -> 0 | S39: =S$19 -> 0 | T39: =T$19 -> 0 | U39: =U$19 -> 0 | V39: =V$19 -> 0 | W39: =W$19 -> 0 | X39: =X$19 -> 0 | Y39: =Y$19 -> 0 | ... BI39: =BI$19 -> 0
C40: Rotational Velocity [rpm] | D40: 1200 | G40: C4 | H40: 3 | O40: 0 | Q40: 0 | R40: 0 | S40: 0 | T40: 0 | U40: 0 | V40: 0 | W40: 0 | X40: 0 | Y40: 0 | Z40: 0 | AA40: 0 | AB40: 0 | AC40: 0 | AD40: 0 | AE40: 0 | AF40: 0 | AG40: 0 | AH40: 0 | AI40: 0 | AJ40: 0 | AK40: 0 | AL40: 0 | AM40: 0 | AN40: 0 | AO40: 0 | AP40: 0 | AQ40: 0 | AR40: 0 | AS40: 0 | AT40: 0 | AU40: 0 | AV40: 0 | AW40: 0 | AX40: 0 | AY40: 0 | AZ40: 0 | BA40: 0 | BB40: 0 | BC40: 0 | BD40: 0 | BE40: 0 | BF40: 0 | BG40: 0 | BH40: 0 | BI40: 0
C41: Tip Speed [m/sec] | D41: =D39*PI()*D40/100/60 -> 4.5867253 | O41: =C26 -> 0.75 | Q41: =Q26 -> 6.5873795 | R41: =IF(R$39=0,0,R40+R26*$Q26/(R$34*$Q$34)*100) -> 0 | S41: =IF(S$39=0,0,S40+S26*$Q26/(S$34*$Q$34)*100) -> 0 | T41: =IF(T$39=0,0,T40+T26*$Q26/(T$34*$Q$34)*100) -> 0 | U41: =IF(U$39=0,0,U40+U26*$Q26/(U$34*$Q$34)*100) -> 0 | V41: =IF(V$39=0,0,V40+V26*$Q26/(V$34*$Q$34)*100) -> 0 | W41: =IF(W$39=0,0,W40+W26*$Q26/(W$34*$Q$34)*100) -> 0 | X41: =IF(X$39=0,0,X40+X26*$Q26/(X$34*$Q$34)*100) -> 0 | Y41: =IF(Y$39=0,0,Y40+Y26*$Q26/(Y$34*$Q$34)*100) -> 0 | ... BI41: =IF(BI$39=0,0,BI40+BI26*$Q26/(BI$34*$Q$34)*100) -> 0
O42: =C27 -> 2 | Q42: =Q27+Q41 -> 9.6414757 | R42: =IF(R$39=0,0,R41+R27*$Q27/(R$34*$Q$34)*100) -> 0 | S42: =IF(S$39=0,0,S41+S27*$Q27/(S$34*$Q$34)*100) -> 0 | T42: =IF(T$39=0,0,T41+T27*$Q27/(T$34*$Q$34)*100) -> 0 | U42: =IF(U$39=0,0,U41+U27*$Q27/(U$34*$Q$34)*100) -> 0 | V42: =IF(V$39=0,0,V41+V27*$Q27/(V$34*$Q$34)*100) -> 0 | W42: =IF(W$39=0,0,W41+W27*$Q27/(W$34*$Q$34)*100) -> 0 | X42: =IF(X$39=0,0,X41+X27*$Q27/(X$34*$Q$34)*100) -> 0 | Y42: =IF(Y$39=0,0,Y41+Y27*$Q27/(Y$34*$Q$34)*100) -> 0 | ... BI42: =IF(BI$39=0,0,BI41+BI27*$Q27/(BI$34*$Q$34)*100) -> 0
O43: =C28 -> 8 | Q43: =Q28+Q42 -> 17.799203 | R43: =IF(R$39=0,0,R42+R28*$Q28/(R$34*$Q$34)*100) -> 0 | S43: =IF(S$39=0,0,S42+S28*$Q28/(S$34*$Q$34)*100) -> 0 | T43: =IF(T$39=0,0,T42+T28*$Q28/(T$34*$Q$34)*100) -> 0 | U43: =IF(U$39=0,0,U42+U28*$Q28/(U$34*$Q$34)*100) -> 0 | V43: =IF(V$39=0,0,V42+V28*$Q28/(V$34*$Q$34)*100) -> 0 | W43: =IF(W$39=0,0,W42+W28*$Q28/(W$34*$Q$34)*100) -> 0 | X43: =IF(X$39=0,0,X42+X28*$Q28/(X$34*$Q$34)*100) -> 0 | Y43: =IF(Y$39=0,0,Y42+Y28*$Q28/(Y$34*$Q$34)*100) -> 0 | ... BI43: =IF(BI$39=0,0,BI42+BI28*$Q28/(BI$34*$Q$34)*100) -> 0
O44: =C29 -> 30 | Q44: =Q29+Q43 -> 35.30974 | R44: =IF(R$39=0,0,R43+R29*$Q29/(R$34*$Q$34)*100) -> 0 | S44: =IF(S$39=0,0,S43+S29*$Q29/(S$34*$Q$34)*100) -> 0 | T44: =IF(T$39=0,0,T43+T29*$Q29/(T$34*$Q$34)*100) -> 0 | U44: =IF(U$39=0,0,U43+U29*$Q29/(U$34*$Q$34)*100) -> 0 | V44: =IF(V$39=0,0,V43+V29*$Q29/(V$34*$Q$34)*100) -> 0 | W44: =IF(W$39=0,0,W43+W29*$Q29/(W$34*$Q$34)*100) -> 0 | X44: =IF(X$39=0,0,X43+X29*$Q29/(X$34*$Q$34)*100) -> 0 | Y44: =IF(Y$39=0,0,Y43+Y29*$Q29/(Y$34*$Q$34)*100) -> 0 | ... BI44: =IF(BI$39=0,0,BI43+BI29*$Q29/(BI$34*$Q$34)*100) -> 0
A50: SKT Cleaner Compósito
BQ54: Análisis Granulométrico
BQ55: Malla | BR55: µm | BS55: Masa, gr | BT55: Ret. Parc. | BU55: Ret. Acum. | BV55: Pasante
BQ56: 70 | BR56: 212 | BS56: 0 | BT56: =BS56/$BS$66*100 -> 0 | BU56: =BT56 -> 0 | BV56: =100-BU56 -> 100 | BX56: =IF(BV56=80,$BR56,IF(BV56>80,IF(BV57<80,$BR57*10^(LOG(80/BV57)*LOG($BR56/$BR57)/LOG(BV56/BV57)),0),0)) -> 0 | BY56: =IF(BV56=50,$BR56,IF(BV56>50,IF(BV57<50,$BR57*10^(LOG(50/BV57)*LOG($BR56/$BR57)/LOG(BV56/BV57)),0),0)) -> 0
BQ57: 100 | BR57: 150 | BS57: 5.6 | BT57: =BS57/$BS$66*100 -> 2.9645315 | BU57: =BU56+BT57 -> 2.9645315 | BV57: =100-BU57 -> 97.035469 | BX57: =IF(BV57=80,$BR57,IF(BV57>80,IF(BV58<80,$BR58*10^(LOG(80/BV58)*LOG($BR57/$BR58)/LOG(BV57/BV58)),0),0)) -> 0 | BY57: =IF(BV57=50,$BR57,IF(BV57>50,IF(BV58<50,$BR58*10^(LOG(50/BV58)*LOG($BR57/$BR58)/LOG(BV57/BV58)),0),0)) -> 0
BQ58: 140 | BR58: 106 | BS58: 8.3 | BT58: =BS58/$BS$66*100 -> 4.3938592 | BU58: =BU57+BT58 -> 7.3583907 | BV58: =100-BU58 -> 92.641609 | BX58: =IF(BV58=80,$BR58,IF(BV58>80,IF(BV59<80,$BR59*10^(LOG(80/BV59)*LOG($BR58/$BR59)/LOG(BV58/BV59)),0),0)) -> 0 | BY58: =IF(BV58=50,$BR58,IF(BV58>50,IF(BV59<50,$BR59*10^(LOG(50/BV59)*LOG($BR58/$BR59)/LOG(BV58/BV59)),0),0)) -> 0
BQ59: 200 | BR59: 75 | BS59: 8.5 | BT59: =BS59/$BS$66*100 -> 4.4997353 | BU59: =BU58+BT59 -> 11.858126 | BV59: =100-BU59 -> 88.141874 | BX59: =IF(BV59=80,$BR59,IF(BV59>80,IF(BV60<80,$BR60*10^(LOG(80/BV60)*LOG($BR59/$BR60)/LOG(BV59/BV60)),0),0)) -> 0 | BY59: =IF(BV59=50,$BR59,IF(BV59>50,IF(BV60<50,$BR60*10^(LOG(50/BV60)*LOG($BR59/$BR60)/LOG(BV59/BV60)),0),0)) -> 0
BQ60: 270 | BR60: 53 | BS60: 6.6 | BT60: =BS60/$BS$66*100 -> 3.4939121 | BU60: =BU59+BT60 -> 15.352038 | BV60: =100-BU60 -> 84.647962 | BX60: =IF(BV60=80,$BR60,IF(BV60>80,IF(BV61<80,$BR61*10^(LOG(80/BV61)*LOG($BR60/$BR61)/LOG(BV60/BV61)),0),0)) -> 0 | BY60: =IF(BV60=50,$BR60,IF(BV60>50,IF(BV61<50,$BR61*10^(LOG(50/BV61)*LOG($BR60/$BR61)/LOG(BV60/BV61)),0),0)) -> 0
E61: Reagents, g/T | BQ61: 325 | BR61: 45 | BS61: 5.9 | BT61: =BS61/$BS$66*100 -> 3.1233457 | BU61: =BU60+BT61 -> 18.475384 | BV61: =100-BU61 -> 81.524616 | BX61: =IF(BV61=80,$BR61,IF(BV61>80,IF(BV62<80,$BR62*10^(LOG(80/BV62)*LOG($BR61/$BR62)/LOG(BV61/BV62)),0),0)) -> 41.469373 | BY61: =IF(BV61=50,$BR61,IF(BV61>50,IF(BV62<50,$BR62*10^(LOG(50/BV62)*LOG($BR61/$BR62)/LOG(BV61/BV62)),0),0)) -> 0
B62: STAGE | C62: min:seg | D62: pH | E62: eH, mV | F62: CaO | G62: =G66 -> Matcol 715 | H62: =G67 -> FP 650 | I62: =G68 -> 0 | J62: =G69 -> 0 | K62: =G70 -> 0 | L62: =G71 -> 0 | N62: Wet Mass | O62: Dry Mass | P62: % Sol | BQ62: 400 | BR62: 38 | BS62: 5.9 | BT62: =BS62/$BS$66*100 -> 3.1233457 | BU62: =BU61+BT62 -> 21.598729 | BV62: =100-BU62 -> 78.401271 | BX62: =IF(BV62=80,$BR62,IF(BV62>80,IF(BV63<80,$BR63*10^(LOG(80/BV63)*LOG($BR62/$BR63)/LOG(BV62/BV63)),0),0)) -> 0 | BY62: =IF(BV62=50,$BR62,IF(BV62>50,IF(BV63<50,$BR63*10^(LOG(50/BV63)*LOG($BR62/$BR63)/LOG(BV62/BV63)),0),0)) -> 0
B63: Grind | C63: 0:30 | D63: 9.92 | E63: 47.9 | F63: 500 | G63: 0 | H63: 0 | N63: =O63/P63 -> 1140 | O63: 570 | P63: 0.5 | BQ63: 500 | BR63: 25 | BS63: 10.1 | BT63: =BS63/$BS$66*100 -> 5.3467443 | BU63: =BU62+BT63 -> 26.945474 | BV63: =100-BU63 -> 73.054526 | BX63: =IF(BV63=80,$BR63,IF(BV63>80,IF(BV64<80,$BR64*10^(LOG(80/BV64)*LOG($BR63/$BR64)/LOG(BV63/BV64)),0),0)) -> 0 | BY63: =IF(BV63=50,$BR63,IF(BV63>50,IF(BV64<50,$BR64*10^(LOG(50/BV64)*LOG($BR63/$BR64)/LOG(BV63/BV64)),0),0)) -> 0
BQ64: 635 | BR64: 20 | BS64: 4.1 | BT64: =BS64/$BS$66*100 -> 2.1704606 | BU64: =BU63+BT64 -> 29.115934 | BV64: =100-BU64 -> 70.884066 | BX64: =IF(BV64=80,$BR64,IF(BV64>80,IF(BV65<80,$BR65*10^(LOG(80/BV65)*LOG($BR64/$BR65)/LOG(BV64/BV65)),0),0)) -> 0 | BY64: =IF(BV64=50,$BR64,IF(BV64>50,IF(BV65<50,$BR65*10^(LOG(50/BV65)*LOG($BR64/$BR65)/LOG(BV64/BV65)),0),0)) -> #DIV/0!
B65: Grinding Conditions | F65: Reagent Names/ID | BQ65: -635 | BR65: 0 | BS65: 133.9 | BT65: =BS65/$BS$66*100 -> 70.884066 | BU65: =BU64+BT65 -> 100 | BV65: =100-BU65 -> 0 | BX65: =IF(BV65=80,$BR65,IF(BV65>80,IF(BV66<80,$BR66*10^(LOG(80/BV66)*LOG($BR65/$BR66)/LOG(BV65/BV66)),0),0)) -> 0 | BY65: =IF(BV65=50,$BR65,IF(BV65>50,IF(BV66<50,$BR66*10^(LOG(50/BV66)*LOG($BR65/$BR66)/LOG(BV65/BV66)),0),0)) -> 0
C66: Mill Diameter [cm] | D66: 17.4 | F66: Reagent 1 | G66: Matcol 715 | H66: =G82 -> 6 | P66: =P72-BS66 -> 0 | BS66: =SUM(BS56:BS65) -> 188.9 | BT66: =SUM(BT56:BT65) -> 100 | BX66: =SUM(BX56:BX65) -> 41.469373 | BY66: =SUM(BY56:BY65) -> #DIV/0!
C67: Mill Length [cm] | D67: 22.3 | F67: Reagent 2 | G67: FP 650 | H67: =H82 -> 16 | N67: ASTM | O67: µm | P67: Mass (g) | Q67: % Mass
C68: Steel Charge [g] | D68: 9371 | F68: Reagent 3 | H68: =I82 -> 0 | M68: FEED | N68: 200 | O68: 75 | P68: =SUM(BS56:BS59) -> 22.4 | Q68: =+P68/$P$72*100 -> 11.858126 | BR68: P80 | BS68: =BX66 -> 41.469373
C69: Mill Speed [RPM] | D69: 77 | F69: Reagent 4 | M69: Screens | N69: 400 | O69: 38 | P69: =SUM(BS60:BS62) -> 18.4 | Q69: =+P69/$P$72*100 -> 9.7406035 | R69: 2 | AF69: 3 | AG69: 4 | AH69: 5 | AI69: 6 | AJ69: 7 | AK69: 8 | BR69: P50 | BS69: =BY66 -> #DIV/0!
C70: % solids [% m/m) | D70: =P63 -> 0.5 | F70: Reagent 5 | N70: 635 | O70: 20 | P70: =SUM(BS63:BS64) -> 14.2 | Q70: =+P70/$P$72*100 -> 7.5172049 | R70: Tracers [%] | AF70: Adders [%] | AU70: Mineralogy [Qemscan / MLA / XRD]
F71: Reagent 6 | N71: pan | O71: 0 | P71: =SUM(BS65) -> 133.9 | Q71: =+P71/$P$72*100 -> 70.884066 | AF71: Cu | AG71: Fe | AH71: S | AI71: Mo | BJ71: Bandeja | BK71: Tara
N72: Feed Assay | P72: =SUM(P68:P71) -> 188.9 | Q72: =+P72/$P$72*100 -> 100 | R72: 0 | AF72: 3.5674949 | AG72: 6.2351607 | AH72: 7.3584941 | AI72: 0.047957485 | AJ72: 0 | AK72: 0 | AL72: =+VLOOKUP($BQ78,aquimicos,AL$69,FALSE) -> #VALUE! | AM72: =+VLOOKUP($BQ78,aquimicos,AM$69,FALSE) -> #VALUE! | AN72: =+VLOOKUP($BQ78,aquimicos,AN$69,FALSE) -> #VALUE! | AO72: =+VLOOKUP($BQ78,aquimicos,AO$69,FALSE) -> #VALUE! | AP72: =+VLOOKUP($BQ78,aquimicos,AP$69,FALSE) -> #VALUE! | AQ72: =+VLOOKUP($BQ78,aquimicos,AQ$69,FALSE) -> #VALUE! | AR72: =+VLOOKUP($BQ78,aquimicos,AR$69,FALSE) -> #VALUE! | AS72: =+VLOOKUP($BQ78,aquimicos,AS$69,FALSE) -> #VALUE! | ... BI72: =+VLOOKUP($BQ78,aquimicos,BI$69,FALSE) -> #VALUE!
E74: Reactivos/reagents, g/t
B75: Stage | C75: Cum t,min | D75: =D62 -> pH | E75: =E62 -> eH, mV | F75: =F62 -> CaO | G75: =G62 -> Matcol 715 | H75: =H62 -> FP 650 | I75: =+G68 -> 0 | J75: =+G69 -> 0 | K75: =+G70 -> 0 | L75: =+G71 -> 0 | M75: Stage
N76: Wet | O76: Dry | P76: % Solids | Q76: Mass | R76: Tracers [g/t] | AF76: Adders [%] | AU76: Mineralogy [Qemscan / MLA / XRD]
B77: Conditioning 2 | C77: 1 | D77: 11.33 | E77: -20.8 | F77: =(H88*10%)/($O$86/1000000) -> 2166.5779 | G77: 6 | N77: Mass | O77: Mass | P77: by mass | Q77: Dist (%) | R77: =R$71 -> 0 | S77: =S$71 -> 0 | T77: =T$71 -> 0 | U77: =U$71 -> 0 | V77: =V$71 -> 0 | W77: =W$71 -> 0 | X77: =X$71 -> 0 | Y77: =Y$71 -> 0 | ... BI77: =BI$71 -> 0 | BJ77: Bandeja | BK77: Tara | BO77: Bandeja | BP77: Peso pulpa | BQ77: Codigo Aminpro
B78: Flot 1 | C78: 0.75 | D78: 11.3 | E78: -17.9 | F78: =(H89*10%)/($O$86/1000000) -> 0 | M78: Conc 1 | N78: =+BP79-BK78 -> 310.7 | O78: 77.6 | P78: =O78/N78*100 -> 24.975861 | Q78: =O78/$O$86*100 -> 13.780856 | R78: 0 | AF78: 19.63 | AG78: 23.1 | AH78: 30.34 | AI78: 0.0711 | AJ78: 0 | AK78: 0 | BJ78: F126 | BK78: 385.7 | BO78: F | BQ78: SKT Cleaner-F
B79: Flot 2 | C79: 2 | D79: 11.32 | E79: -17.4 | F79: =(H90*10%)/($O$86/1000000) -> 177.58835 | M79: Conc 2 | N79: =+BP80-BK79 -> 558.3 | O79: 35.3 | P79: =O79/N79*100 -> 6.3227655 | Q79: =O79/$O$86*100 -> 6.2688688 | R79: 0 | AF79: 5.39 | AG79: 7.5 | AH79: 9.07 | AI79: 0.0656 | AJ79: 0 | AK79: 0 | BJ79: F020 | BK79: 391.4 | BO79: C1 | BP79: 696.4 | BQ79: SKT Cleaner-C1
B80: Flot 3 | C80: 8 | D80: 11.33 | E80: -17.1 | F80: =(H91*10%)/($O$86/1000000) -> 284.14136 | M80: Conc 3 | N80: =+BP81-BK80 -> 1176.4 | O80: 68.1 | P80: =O80/N80*100 -> 5.7888473 | Q80: =O80/$O$86*100 -> 12.093767 | R80: 0 | AF80: 1.104 | AG80: 2.53 | AH80: 2.51 | AI80: 0.0439 | AJ80: 0 | AK80: 0 | BJ80: F013 | BK80: 386.7 | BO80: C2 | BP80: 949.7 | BQ80: SKT Cleaner-C2
B81: Flot 4 | C81: 30 | D81: 11.3 | E81: -16.3 | F81: =(H92*10%)/($O$86/1000000) -> 2521.7546 | H81: 16 | M81: Conc 4 | N81: =+BP82-BK81 -> 3399.1 | O81: 149.9 | P81: =O81/N81*100 -> 4.4099909 | Q81: =O81/$O$86*100 -> 26.620494 | R81: 0 | AF81: 0.57 | AG81: 3.7 | AH81: 3.3 | AI81: 0.0415 | AJ81: 0 | AK81: 0 | BJ81: B022 | BK81: 536.2 | BO81: C3 | BP81: 1563.1 | BQ81: SKT Cleaner-C3
B82: Total | C82: =C81 -> 30 | F82: =+SUM(F76:F81,F63) -> 5650.0622 | G82: =+SUM(G76:G81,G63) -> 6 | H82: =+SUM(H76:H81,H63) -> 16 | I82: =+SUM(I76:I81,I63) -> 0 | J82: =+SUM(J76:J81,J63) -> 0 | K82: =+SUM(K76:K81,K63) -> 0 | L82: =+SUM(L76:L81,L63) -> 0 | M82: Tot Conc | N82: =SUM(N78:N81) -> 5444.5 | O82: =SUM(O78:O81) -> 330.9 | P82: =O82/N82*100 -> 6.0776931 | Q82: =O82/$O$86*100 -> 58.763985 | R82: 0 | S82: 0 | T82: 0 | U82: 0 | V82: 0 | W82: 0 | X82: 0 | Y82: 0 | Z82: 0 | AA82: 0 | AB82: 0 | AC82: 0 | AD82: 0 | AE82: 0 | AF82: 5.6638876 | AG82: 8.4141221 | AH82: 10.094155 | AI82: 0.051506437 | AJ82: 0 | AK82: 0 | AL82: =IF(AL71=0,0,SUMPRODUCT(AL78:AL81,$Q$78:$Q$81)/$Q$82) -> 0 | AM82: =IF(AM71=0,0,SUMPRODUCT(AM78:AM81,$Q$78:$Q$81)/$Q$82) -> 0 | AN82: =IF(AN71=0,0,SUMPRODUCT(AN78:AN81,$Q$78:$Q$81)/$Q$82) -> 0 | AO82: =IF(AO71=0,0,SUMPRODUCT(AO78:AO81,$Q$78:$Q$81)/$Q$82) -> 0 | AP82: =IF(AP71=0,0,SUMPRODUCT(AP78:AP81,$Q$78:$Q$81)/$Q$82) -> 0 | AQ82: =IF(AQ71=0,0,SUMPRODUCT(AQ78:AQ81,$Q$78:$Q$81)/$Q$82) -> 0 | AR82: =IF(AR71=0,0,SUMPRODUCT(AR78:AR81,$Q$78:$Q$81)/$Q$82) -> 0 | AS82: =IF(AS71=0,0,SUMPRODUCT(AS78:AS81,$Q$78:$Q$81)/$Q$82) -> 0 | ... BI82: =IF(BI71=0,0,SUMPRODUCT(BI78:BI81,$Q$78:$Q$81)/$Q$82) -> 0 | BO82: C4 | BP82: 3935.3 | BQ82: SKT Cleaner-C4
B83: Tail | D83: 11.3 | E83: -16.2 | M83: Tail | N83: =+BP83-BK83 -> 2948 | O83: 232.2 | P83: =O83/(O83+D87*1000-O83/4.2)*100 -> 8.3617993 | Q83: =O83/$O$86*100 -> 41.236015 | R83: 0 | S83: 0 | T83: 0 | U83: 0 | V83: 0 | W83: 0 | X83: 0 | Y83: 0 | Z83: 0 | AA83: 0 | AB83: 0 | AC83: 0 | AD83: 0 | AE83: 0 | AF83: 0.58 | AG83: 3.13 | AH83: 3.46 | AI83: 0.0429 | AJ83: 0 | AK83: 0 | AL83: =IF(AL71=0,0,AVERAGE(AL84:AL85)) -> 0 | AM83: =IF(AM71=0,0,AVERAGE(AM84:AM85)) -> 0 | AN83: =IF(AN71=0,0,AVERAGE(AN84:AN85)) -> 0 | AO83: =IF(AO71=0,0,AVERAGE(AO84:AO85)) -> 0 | AP83: =IF(AP71=0,0,AVERAGE(AP84:AP85)) -> 0 | AQ83: =IF(AQ71=0,0,AVERAGE(AQ84:AQ85)) -> 0 | AR83: =IF(AR71=0,0,AVERAGE(AR84:AR85)) -> 0 | AS83: =IF(AS71=0,0,AVERAGE(AS84:AS85)) -> 0 | ... BI83: =IF(BI71=0,0,AVERAGE(BI84:BI85)) -> 0 | BJ83: C-42 | BK83: 1584 | BO83: T | BP83: 4532 | BQ83: SKT Cleaner-T
M84: Tail1 | R84: 0 | AF84: 0.58 | AG84: 3.13 | AH84: 3.46 | AI84: 0.0429 | AJ84: 0 | AK84: 0
H85: CAL 10% | I85: NaHS | M85: Tail2
B86: Flotation Cell | H86: mL | I86: mL | M86: Calc Feed | N86: =SUM(N82:N83) -> 8392.5 | O86: =SUM(O82:O83) -> 563.1 | P86: =O86/(O86+D87*1000-O86/4.2)*100 -> 18.590118 | Q86: =O86/$O$86*100 -> 100 | R86: 0 | S86: 0 | T86: 0 | U86: 0 | V86: 0 | W86: 0 | X86: 0 | Y86: 0 | Z86: 0 | AA86: 0 | AB86: 0 | AC86: 0 | AD86: 0 | AE86: 0 | AF86: 3.5674949 | AG86: 6.2351607 | AH86: 7.3584941 | AI86: 0.047957485 | AJ86: 0 | AK86: 0 | AL86: =IF(AL71=0,0,SUMPRODUCT(AL82:AL83,$Q$82:$Q$83)/$Q$86) -> 0 | AM86: =IF(AM71=0,0,SUMPRODUCT(AM82:AM83,$Q$82:$Q$83)/$Q$86) -> 0 | AN86: =IF(AN71=0,0,SUMPRODUCT(AN82:AN83,$Q$82:$Q$83)/$Q$86) -> 0 | AO86: =IF(AO71=0,0,SUMPRODUCT(AO82:AO83,$Q$82:$Q$83)/$Q$86) -> 0 | AP86: =IF(AP71=0,0,SUMPRODUCT(AP82:AP83,$Q$82:$Q$83)/$Q$86) -> 0 | AQ86: =IF(AQ71=0,0,SUMPRODUCT(AQ82:AQ83,$Q$82:$Q$83)/$Q$86) -> 0 | AR86: =IF(AR71=0,0,SUMPRODUCT(AR82:AR83,$Q$82:$Q$83)/$Q$86) -> 0 | AS86: =IF(AS71=0,0,SUMPRODUCT(AS82:AS83,$Q$82:$Q$83)/$Q$86) -> 0 | ... BI86: =IF(BI71=0,0,SUMPRODUCT(BI82:BI83,$Q$82:$Q$83)/$Q$86) -> 0
C87: Effective Volume [L] | D87: 2.6 | P87: Error | R87: 0 | S87: 0 | T87: 0 | U87: 0 | V87: 0 | W87: 0 | X87: 0 | Y87: 0 | Z87: 0 | AA87: 0 | AB87: 0 | AC87: 0 | AD87: 0 | AE87: 0 | AF87: 0 | AG87: 0 | AH87: 0 | AI87: 0 | AJ87: 0 | AK87: 0 | AL87: =IF(AL71=0,0,ABS(AL86-AL72)/AL72*100) -> 0 | AM87: =IF(AM71=0,0,ABS(AM86-AM72)/AM72*100) -> 0 | AN87: =IF(AN71=0,0,ABS(AN86-AN72)/AN72*100) -> 0 | AO87: =IF(AO71=0,0,ABS(AO86-AO72)/AO72*100) -> 0 | AP87: =IF(AP71=0,0,ABS(AP86-AP72)/AP72*100) -> 0 | AQ87: =IF(AQ71=0,0,ABS(AQ86-AQ72)/AQ72*100) -> 0 | AR87: =IF(AR71=0,0,ABS(AR86-AR72)/AR72*100) -> 0 | AS87: =IF(AS71=0,0,ABS(AS86-AS72)/AS72*100) -> 0 | ... BI87: =IF(BI71=0,0,ABS(BI86-BI72)/BI72*100) -> 0
C88: Cell Area [m2] | D88: 0.024 | G88: Acond | H88: 12.2
C89: N2 [l/min] | D89: 8 | G89: C1 | H89: 0
C90: Jg [cm/sec] | D90: =+((D89/60000)/D88)*100 -> 0.55555556 | G90: C2 | H90: 1 | AF90: Recovery (Preliminary) | AU90: Recovery (Preliminary)
C91: Impeller Diameter [cm] | D91: 7.3 | G91: C3 | H91: 1.6 | O91: Time | P91: Water | Q91: Mass | R91: =R$71 -> 0 | S91: =S$71 -> 0 | T91: =T$71 -> 0 | U91: =U$71 -> 0 | V91: =V$71 -> 0 | W91: =W$71 -> 0 | X91: =X$71 -> 0 | Y91: =Y$71 -> 0 | ... BI91: =BI$71 -> 0
C92: Rotational Velocity [rpm] | D92: 1200 | G92: C4 | H92: 14.2 | O92: 0 | Q92: 0 | R92: 0 | S92: 0 | T92: 0 | U92: 0 | V92: 0 | W92: 0 | X92: 0 | Y92: 0 | Z92: 0 | AA92: 0 | AB92: 0 | AC92: 0 | AD92: 0 | AE92: 0 | AF92: 0 | AG92: 0 | AH92: 0 | AI92: 0 | AJ92: 0 | AK92: 0 | AL92: 0 | AM92: 0 | AN92: 0 | AO92: 0 | AP92: 0 | AQ92: 0 | AR92: 0 | AS92: 0 | AT92: 0 | AU92: 0 | AV92: 0 | AW92: 0 | AX92: 0 | AY92: 0 | AZ92: 0 | BA92: 0 | BB92: 0 | BC92: 0 | BD92: 0 | BE92: 0 | BF92: 0 | BG92: 0 | BH92: 0 | BI92: 0
C93: Tip Speed [m/sec] | D93: =D91*PI()*D92/100/60 -> 4.5867253 | O93: =C78 -> 0.75 | Q93: =Q78 -> 13.780856 | R93: =IF(R$91=0,0,R92+R78*$Q78/(R$86*$Q$86)*100) -> 0 | S93: =IF(S$91=0,0,S92+S78*$Q78/(S$86*$Q$86)*100) -> 0 | T93: =IF(T$91=0,0,T92+T78*$Q78/(T$86*$Q$86)*100) -> 0 | U93: =IF(U$91=0,0,U92+U78*$Q78/(U$86*$Q$86)*100) -> 0 | V93: =IF(V$91=0,0,V92+V78*$Q78/(V$86*$Q$86)*100) -> 0 | W93: =IF(W$91=0,0,W92+W78*$Q78/(W$86*$Q$86)*100) -> 0 | X93: =IF(X$91=0,0,X92+X78*$Q78/(X$86*$Q$86)*100) -> 0 | Y93: =IF(Y$91=0,0,Y92+Y78*$Q78/(Y$86*$Q$86)*100) -> 0 | ... BI93: =IF(BI$91=0,0,BI92+BI78*$Q78/(BI$86*$Q$86)*100) -> 0
O94: =C79 -> 2 | Q94: =Q79+Q93 -> 20.049725 | R94: =IF(R$91=0,0,R93+R79*$Q79/(R$86*$Q$86)*100) -> 0 | S94: =IF(S$91=0,0,S93+S79*$Q79/(S$86*$Q$86)*100) -> 0 | T94: =IF(T$91=0,0,T93+T79*$Q79/(T$86*$Q$86)*100) -> 0 | U94: =IF(U$91=0,0,U93+U79*$Q79/(U$86*$Q$86)*100) -> 0 | V94: =IF(V$91=0,0,V93+V79*$Q79/(V$86*$Q$86)*100) -> 0 | W94: =IF(W$91=0,0,W93+W79*$Q79/(W$86*$Q$86)*100) -> 0 | X94: =IF(X$91=0,0,X93+X79*$Q79/(X$86*$Q$86)*100) -> 0 | Y94: =IF(Y$91=0,0,Y93+Y79*$Q79/(Y$86*$Q$86)*100) -> 0 | ... BI94: =IF(BI$91=0,0,BI93+BI79*$Q79/(BI$86*$Q$86)*100) -> 0
O95: =C80 -> 8 | Q95: =Q80+Q94 -> 32.143491 | R95: =IF(R$91=0,0,R94+R80*$Q80/(R$86*$Q$86)*100) -> 0 | S95: =IF(S$91=0,0,S94+S80*$Q80/(S$86*$Q$86)*100) -> 0 | T95: =IF(T$91=0,0,T94+T80*$Q80/(T$86*$Q$86)*100) -> 0 | U95: =IF(U$91=0,0,U94+U80*$Q80/(U$86*$Q$86)*100) -> 0 | V95: =IF(V$91=0,0,V94+V80*$Q80/(V$86*$Q$86)*100) -> 0 | W95: =IF(W$91=0,0,W94+W80*$Q80/(W$86*$Q$86)*100) -> 0 | X95: =IF(X$91=0,0,X94+X80*$Q80/(X$86*$Q$86)*100) -> 0 | Y95: =IF(Y$91=0,0,Y94+Y80*$Q80/(Y$86*$Q$86)*100) -> 0 | ... BI95: =IF(BI$91=0,0,BI94+BI80*$Q80/(BI$86*$Q$86)*100) -> 0
O96: =C81 -> 30 | Q96: =Q81+Q95 -> 58.763985 | R96: =IF(R$91=0,0,R95+R81*$Q81/(R$86*$Q$86)*100) -> 0 | S96: =IF(S$91=0,0,S95+S81*$Q81/(S$86*$Q$86)*100) -> 0 | T96: =IF(T$91=0,0,T95+T81*$Q81/(T$86*$Q$86)*100) -> 0 | U96: =IF(U$91=0,0,U95+U81*$Q81/(U$86*$Q$86)*100) -> 0 | V96: =IF(V$91=0,0,V95+V81*$Q81/(V$86*$Q$86)*100) -> 0 | W96: =IF(W$91=0,0,W95+W81*$Q81/(W$86*$Q$86)*100) -> 0 | X96: =IF(X$91=0,0,X95+X81*$Q81/(X$86*$Q$86)*100) -> 0 | Y96: =IF(Y$91=0,0,Y95+Y81*$Q81/(Y$86*$Q$86)*100) -> 0 | ... BI96: =IF(BI$91=0,0,BI95+BI81*$Q81/(BI$86*$Q$86)*100) -> 0
A102: A. Químicos
A108: 1 | B108: =A108+1 -> 2 | C108: =B108+1 -> 3 | D108: =C108+1 -> 4 | E108: =D108+1 -> 5 | F108: =E108+1 -> 6 | G108: =F108+1 -> 7 | H108: =G108+1 -> 8 | I108: =H108+1 -> 9 | ... K108: =J108+1 -> 11
B109: Au | C109: Cu | D109: Fe | E109: S | F109: Mo
A110: SKT Rougher-F | C110: 0.66 | D110: 2.24 | E110: 2.13 | F110: =J110/10000 -> 0.0115 | J110: 115
A111: SKT Rougher-C1 | C111: 6.56 | D111: 14.4 | E111: 17.84 | F111: =J111/10000 -> 0.0832 | J111: 832
A112: SKT Rougher-C2 | C112: 3.11 | D112: 9.8 | E112: 11.42 | F112: =J112/10000 -> 0.0645 | J112: 645
A113: SKT Rougher-C3 | C113: 0.53 | D113: 2.64 | E113: 2.39 | F113: =J113/10000 -> 0.0157 | J113: 157
A114: SKT Rougher-C4 | C114: 0.34 | D114: 1.42 | E114: 0.64 | F114: =J114/10000 -> 0.0056 | J114: 56 | O114: Cu | P114: Fe | Q114: S | R114: Mo
A115: SKT Rougher-T | C115: 0.096 | D115: 0.99 | E115: 0.45 | F115: =J115/10000 -> 0.0038 | J115: 38 | M115: 1 | O115: =+AF34 -> 0.69198892 | P115: =+AG34 -> 2.3523313 | Q115: =+AH34 -> 2.1221096 | R115: =+AI34 -> 0.012170175
A116: SKT Cleaner-F | C116: =O116 -> 3.5674949 | D116: =P116 -> 6.2351607 | E116: =Q116 -> 7.3584941 | F116: =R116 -> 0.047957485 | M116: 2 | O116: =+AF86 -> 3.5674949 | P116: =+AG86 -> 6.2351607 | Q116: =+AH86 -> 7.3584941 | R116: =+AI86 -> 0.047957485
A117: SKT Cleaner-C1 | C117: 19.63 | D117: 23.1 | E117: 30.34 | F117: =J117/10000 -> 0.0711 | J117: 711
A118: SKT Cleaner-C2 | C118: 5.39 | D118: 7.5 | E118: 9.07 | F118: =J118/10000 -> 0.0656 | J118: 656
A119: SKT Cleaner-C3 | C119: 1.104 | D119: 2.53 | E119: 2.51 | F119: =J119/10000 -> 0.0439 | J119: 439
A120: SKT Cleaner-C4 | C120: 0.57 | D120: 3.7 | E120: 3.3 | F120: =J120/10000 -> 0.0415 | J120: 415
A121: SKT Cleaner-T | C121: 0.58 | D121: 3.13 | E121: 3.46 | F121: =J121/10000 -> 0.0429 | J121: 429

Sheet 5. Análisis Granulométrico
B2: Granulometría Alimentación Rougher | F2: Posterior a Molienda
B4: Granulometría Planta Laguna Seca 2
B5: Mesh | C5: Size | D5: Pass
B6: 28 | C6: 600 | D6: 100 | E6: 100
B7: 35 | C7: 425 | D7: 99.770965 | E7: 100
B8: 48 | C8: 300 | D8: 95.978405 | E8: 96.166709
B9: 65 | C9: 212 | D9: 87.593977 | E9: 87.202155
B10: 100 | C10: 150 | D10: 77.09963 | E10: 77.319972
B11: 150 | C11: 106 | D11: 67.829271 | E11: 67.90815
B12: 200 | C12: 75 | D12: 59.522314 | E12: 59.565628
B13: 270 | C13: 53 | D13: 52.457382 | E13: 52.339267
B14: Ciclón 1 | C14: 41.91975 | D14: 50.973497 | E14: 48.073394
B15: Ciclón 2 | C15: 31.43975 | D15: 46.790822 | E15: 43.450043
B16: Ciclón 3 | C16: 21.91275 | D16: 40.510177 | E16: 38.47719
B17: Ciclón 4 | C17: 15.2455 | D17: 35.227157 | E17: 34.261866
B18: Ciclón 5 | C18: 10.48125 | D18: 32.247641 | E18: 30.583952
D20: P100 | E20: 388.8786
D21: P80 | E21: 164.82011 | F21: =+_xlfn.FORECAST.LINEAR(80,C9:C10,E9:E10) -> 166.81427
D22: P50 | E22: 46.754148 | F22: =+_xlfn.FORECAST.LINEAR(50,C13:C14,E13:E14) -> 46.923948
F23: =+_xlfn.FORECAST.LINEAR(25,C17:C18,E17:E18) -> 3.2479802
E24: =SUMXMY2(D6:D13,E6:E13) -> 0.31203986
B27: Granulometría Lab Aminpro
B28: Mesh | C28: Size | D28: Pass
B29: 20 | C29: 850 | D29: 100 | E29: 100
B30: 30 | C30: 600 | D30: 100 | E30: 100
B31: 40 | C31: 425 | D31: 100 | E31: 100
B32: 50 | C32: 300 | D32: 99.160906 | E32: 99.160933 | I32: Lab es más desfavorabole porque tiene más gruesos. Ro flota intermedios
B33: 70 | C33: 212 | D33: 89.221289 | E33: 89.221324
B34: 100 | C34: 150 | D34: 76.901561 | E34: 76.901591
B35: 140 | C35: 106 | D35: 65.389052 | E35: 65.389077
B36: 200 | C36: 75 | D36: 55.627129 | E36: 55.627152
B37: 270 | C37: 53 | D37: 47.565688 | E37: 47.565711
B38: 325 | C38: 45 | D38: 44.303198 | E38: 44.303222
B39: 400 | C39: 38 | D39: 41.249688 | E39: 41.249711
D41: P100 | E41: 322.59784
D42: P80 | E42: 163.69212 | F42: =+_xlfn.FORECAST.LINEAR(80,C33:C34,E33:E34) -> 165.59298
D43: P50 | E43: 59.310478 | F43: =+_xlfn.FORECAST.LINEAR(50,C37:C38,E37:E38) -> 58.969157
E44: =SUMXMY2(D29:D39,E29:E39) -> 5.7417681e-09 | F44: =+_xlfn.FORECAST.LINEAR(25,C38:C39,E38:E39) -> 0.74846087

Sheet 6. Análisis Químico Cabeza
B2: Análisis Químico Cabeza
D4: Cu | E4: Fe | F4: Mo | G4: Cu sol | H4: S | I4: Ins
D5: % | E5: % | F5: G/T | G5: % | H5: % | I5: %
B6: N° | C6: ID Muestra | D6: CAA11D | E6: CAA11D | F6: CAA13F | G6: CAA09V | H6: LEC010B | I6: CLA020V | J6: ICP
B7: 001 | C7: Alimentación Compósito Global | D7: 0.66 | E7: 2.24 | F7: 115 | G7: 0.054 | H7: 2.13 | I7: 86.92 | J7: Pendiente
B8: 002 | C8: Muestra J | D8: 0.43 | E8: 3.37 | F8: 78 | G8: 0.028 | H8: 0.92 | I8: 87.09 | J8: Pendiente
B9: 003 | C9: Muestra G | D9: 0.85 | E9: 2.5 | F9: 203 | G9: 0.034 | H9: 3 | I9: 87.03 | J9: Pendiente
B10: 004 | C10: Muestra H | D10: 0.64 | E10: Pendiente | F10: Pendiente | G10: Pendiente | H10: Pendiente | I10: Pendiente | J10: Pendiente
B11: 005 | C11: Muestra D | E11: Pendiente | F11: Pendiente | G11: Pendiente | H11: Pendiente | I11: Pendiente | J11: Pendiente
C14: AQ por confirmar

Sheet 7. Mineralogía Modal Comp
B2: Mineralogía
C4: COMPÓSITO GLOBAL
B5: Cuarzo | C5: 56.12
B6: Muscovita/illita | C6: 32.208
B7: Plagioclasa | C7: 3.632
B8: Pirita | C8: 2.69
B9: Arcillas Al | C9: 1.354
B10: Clorita | C10: 1.311
B11: Calcopirita | C11: 1.239
B12: Hematita/Magnetita | C12: 0.282
B13: Alunita | C13: 0.196
B14: Biotita/flogopita | C14: 0.15
B15: Ilmenita | C15: 0.122
B16: Rutilo/anatase | C16: 0.121
... B32: Otros | C32: 0.003
C34: =SUM(C5:C32) -> 99.998
B39: Ocurrencia
B40: Menas | C40: COMPÓSITO GLOBAL
B41: Calcopirita | C41: 67.2431
B42: Calcosina/digenita | C42: 12.9536
B43: Covelina | C43: 9.9658
B44: Bornita | C44: 9.0529
B45: Enargita/Tennantita | C45: 0.7501
B46: Atacamita | C46: 0.0341
B47: Otros | C47: 0.0004
C48: =SUM(C41:C47) -> 100
B51: P80 | C51: 176 um

Sheet 8. Liberación Comp
B2: Liberación mineral
B4: Rangos Ampliados
B5: Rango | C5: COMPÓSITO GLOBAL
C6: Calcopirita | D6: Calcosina/digenita | E6: Covelina | F6: Bornita | G6: Enargita/Tennantita | H6: Molibdenita | I6: Pirita
B7: >90% | C7: 41.2431 | D7: 69.7479 | E7: 52.2914 | F7: 30.6622 | G7: 22.8039 | H7: 100 | I7: 63.5158
B8: 80%-90% | C8: 3.0791 | D8: 0 | E8: 14.2186 | F8: 0 | G8: 0 | H8: 0 | I8: 17.1462
B9: 70%-80% | C9: 9.6373 | D9: 0 | E9: 9.2832 | F9: 0 | G9: 0 | H9: 0 | I9: 5.3362
B10: 60%-70% | C10: 0.5317 | D10: 0 | E10: 3.8778 | F10: 0 | G10: 0 | H10: 0 | I10: 1.4243
B11: 50%-60% | C11: 1.2066 | D11: 2.8011 | E11: 0 | F11: 0 | G11: 0 | H11: 0 | I11: 1.6492
B12: 40%-50% | C12: 4.2967 | D12: 0.9804 | E12: 9.1657 | F12: 8.7108 | G12: 1.331 | H12: 0 | I12: 2.9346
B13: 30%-40% | C13: 2.2057 | D13: 0 | E13: 0 | F13: 21.6187 | G13: 11.7125 | H13: 0 | I13: 0.624
B14: 20%-30% | C14: 5.1082 | D14: 11.0644 | E14: 0.235 | F14: 10.1506 | G14: 3.9929 | H14: 0 | I14: 1.2254
B15: 10%-20% | C15: 17.7918 | D15: 0.2801 | E15: 7.168 | F15: 11.8087 | G15: 7.9858 | H15: 0 | I15: 3.4656
B16: <10% | C16: 14.8999 | D16: 15.1261 | E16: 3.7603 | F16: 17.049 | G16: 52.1739 | H16: 0 | I16: 2.6786
C19: =+SUM(C7:C16) -> 100.0001 | D19: =+SUM(D7:D16) -> 100 | E19: =+SUM(E7:E16) -> 100 | F19: =+SUM(F7:F16) -> 100 | G19: =+SUM(G7:G16) -> 100 | H19: =+SUM(H7:H16) -> 100 | I19: =+SUM(I7:I16) -> 99.9999

Sheet 9. Asociación comp
B2: Asociación mineral
B4: Sample / Grupo Mineral | C4: Feldespato K | D4: Muscovita/illita | E4: Arcillas Al | F4: Calcita | G4: Plagioclasa | H4: Piroxeno | I4: Ankerita/Siderita | J4: Hematita/Magnetita | K4: Galena | L4: Anfibol | M4: Biotita/flogopita | N4: Clorita | O4: Bornita | P4: Calcosina/digenita | Q4: Enargita/Tennantita | R4: Alunita | S4: Molibdenita | T4: Apatito | U4: Esfalerita | V4: Ilmenita | W4: Calcopirita | X4: Cuarzo | Y4: Rutilo/anatase | Z4: Pirita | AA4: Covelina
B5: COMPÓSITO GLOBAL
B6: Partículas libres | C6: 9.69 | D6: 24.95 | E6: 14.4 | F6: 14.29 | G6: 14.42 | H6: 0.23 | I6: 91.8 | J6: 28.19 | K6: 0 | L6: 2.1 | M6: 12.21 | N6: 10.2 | O6: 17.79 | P6: 44.54 | Q6: 22.8 | R6: 44.03 | S6: 100 | T6: 30.26 | U6: 0 | V6: 10.39 | W6: 30.11 | X6: 24.51 | Y6: 30.76 | Z6: 32.73 | AA6: 52.29
B7: Parículas binarias | C7: 2.18 | D7: 46.03 | E7: 19.21 | F7: 0 | G7: 12.38 | H7: 3.95 | I7: 8.2 | J7: 19.87 | K7: 0 | L7: 5.92 | M7: 4.85 | N7: 6.41 | O7: 15.16 | P7: 29.97 | Q7: 7.99 | R7: 22.35 | S7: 0 | T7: 11.11 | U7: 0 | V7: 4.03 | W7: 28.18 | X7: 52.19 | Y7: 28.46 | Z7: 34.5 | AA7: 8.34
B8: Feldespato K | D8: 0 | E8: 0.03 | F8: 0 | G8: 0 | H8: 0 | I8: 0 | J8: 0 | K8: 0 | L8: 0 | M8: 0 | N8: 0 | O8: 0 | P8: 0 | Q8: 0 | R8: 0 | S8: 0 | T8: 0 | U8: 0 | V8: 0 | W8: 0 | X8: 0.01 | Y8: 0 | Z8: 0 | AA8: 0
B9: Muscovita/illita | C9: 0 | E9: 10.6 | F9: 0 | G9: 9.5 | H9: 0.58 | I9: 8.2 | J9: 10.7 | K9: 0 | L9: 0 | M9: 0.9 | N9: 3.79 | O9: 0 | P9: 10.78 | Q9: 0 | R9: 14.94 | S9: 0 | T9: 7.52 | U9: 0 | V9: 1.03 | W9: 24.77 | X9: 50.33 | Y9: 27.44 | Z9: 16.8 | AA9: 0
B10: Arcillas Al | C10: 0.48 | D10: 1.1 | F10: 0 | G10: 0.1 | H10: 0 | I10: 0 | J10: 1.15 | K10: 0 | L10: 0 | M10: 0 | N10: 0.07 | O10: 0 | P10: 0 | Q10: 0 | R10: 0.88 | S10: 0 | T10: 0 | U10: 0 | V10: 0 | W10: 0 | X10: 0.36 | Y10: 0.08 | Z10: 1.65 | AA10: 0
B11: Plagioclasa | C11: 0 | D11: 1.05 | E11: 0.3 | F11: 0 | H11: 0 | I11: 0 | J11: 0 | K11: 0 | L11: 2.3 | M11: 0.3 | N11: 0.3 | O11: 0 | P11: 0 | Q11: 0 | R11: 0 | S11: 0 | T11: 0 | U11: 0 | V11: 0 | W11: 0 | X11: 0.28 | Y11: 0 | Z11: 0.34 | AA11: 0
B12: Piroxeno | C12: 0 | D12: 0 | E12: 0 | F12: 0 | G12: 0 | I12: 0 | J12: 0 | K12: 0 | L12: 0 | M12: 0 | N12: 0.02 | O12: 0 | P12: 0 | Q12: 0 | R12: 0 | S12: 0 | T12: 0 | U12: 0 | V12: 0 | W12: 0 | X12: 0.11 | Y12: 0 | Z12: 0 | AA12: 0
B13: Hematita/Magnetita | C13: 0 | D13: 0 | E13: 0.02 | F13: 0 | G13: 0 | H13: 0 | I13: 0 | K13: 0 | L13: 0 | M13: 0 | N13: 0.01 | O13: 0 | P13: 0 | Q13: 0 | R13: 0 | S13: 0 | T13: 0 | U13: 0 | V13: 0 | W13: 0 | X13: 0 | Y13: 0 | Z13: 0 | AA13: 0
B14: Anfibol | C14: 0 | D14: 0 | E14: 0 | F14: 0 | G14: 0.01 | H14: 0 | I14: 0 | J14: 0 | K14: 0 | M14: 0.65 | N14: 0 | O14: 0 | P14: 0 | Q14: 0 | R14: 0 | S14: 0 | T14: 0 | U14: 0 | V14: 0 | W14: 0 | X14: 0 | Y14: 0 | Z14: 0 | AA14: 0
B15: Biotita/flogopita | C15: 0 | D15: 0.02 | E15: 0 | F15: 0 | G15: 0.08 | H15: 0 | I15: 0 | J15: 0 | K15: 0 | L15: 3.62 | N15: 0.71 | O15: 0 | P15: 0 | Q15: 0 | R15: 0 | S15: 0 | T15: 0 | U15: 0 | V15: 0 | W15: 0 | X15: 0.01 | Y15: 0 | Z15: 0 | AA15: 0
B16: Clorita | C16: 0 | D16: 0.38 | E16: 0.08 | F16: 0 | G16: 0.38 | H16: 0.69 | I16: 0 | J16: 4.36 | K16: 0 | L16: 0 | M16: 0.75 | O16: 12.87 | P16: 0 | Q16: 0 | R16: 0 | S16: 0 | T16: 3.59 | U16: 0 | V16: 3 | W16: 0 | X16: 0.31 | Y16: 0 | Z16: 0 | AA16: 0
B17: Bornita | C17: 0 | D17: 0 | E17: 0 | F17: 0 | G17: 0 | H17: 0 | I17: 0 | J17: 0 | K17: 0 | L17: 0 | M17: 0 | N17: 0.02 | P17: 0 | Q17: 0 | R17: 0 | S17: 0 | T17: 0 | U17: 0 | V17: 0 | W17: 0.14 | X17: 0 | Y17: 0 | Z17: 1.94 | AA17: 0.71
B18: Calcosina/digenita | C18: 0 | D18: 0 | E18: 0 | F18: 0 | G18: 0 | H18: 0 | I18: 0 | J18: 0 | K18: 0 | L18: 0 | M18: 0 | N18: 0 | O18: 0 | Q18: 0 | R18: 0 | S18: 0 | T18: 0 | U18: 0 | V18: 0 | W18: 0 | X18: 0 | Y18: 0 | Z18: 0 | AA18: 3.64
B19: Enargita/Tennantita | C19: 0 | D19: 0 | E19: 0 | F19: 0 | G19: 0 | H19: 0 | I19: 0 | J19: 0 | K19: 0 | L19: 0 | M19: 0 | N19: 0 | O19: 0 | P19: 0 | R19: 0 | S19: 0 | T19: 0 | U19: 0 | V19: 0 | W19: 0.31 | X19: 0 | Y19: 0 | Z19: 0 | AA19: 3.17
B20: Alunita | C20: 0 | D20: 0.02 | E20: 0.34 | F20: 0 | G20: 0 | H20: 0 | I20: 0 | J20: 0 | K20: 0 | L20: 0 | M20: 0 | N20: 0 | O20: 0 | P20: 0 | Q20: 0 | S20: 0 | T20: 0 | U20: 0 | V20: 0 | W20: 0 | X20: 0.17 | Y20: 0 | Z20: 0 | AA20: 0
B21: Apatito | C21: 0 | D21: 0.01 | E21: 0 | F21: 0 | G21: 0 | H21: 0 | I21: 0 | J21: 0 | K21: 0 | L21: 0 | M21: 0 | N21: 0.05 | O21: 0 | P21: 0 | Q21: 0 | R21: 0 | S21: 0 | U21: 0 | V21: 0 | W21: 0 | X21: 0 | Y21: 0 | Z21: 0 | AA21: 0
B22: Ilmenita | C22: 0 | D22: 0.05 | E22: 0 | F22: 0 | G22: 0 | H22: 0 | I22: 0 | J22: 0 | K22: 0 | L22: 0 | M22: 0 | N22: 0.38 | O22: 0 | P22: 0 | Q22: 0 | R22: 0 | S22: 0 | T22: 0 | U22: 0 | W22: 0 | X22: 0 | Y22: 0 | Z22: 0 | AA22: 0
B23: Calcopirita | C23: 0 | D23: 0.67 | E23: 0 | F23: 0 | G23: 0 | H23: 0 | I23: 0 | J23: 0 | K23: 0 | L23: 0 | M23: 0 | N23: 0 | O23: 1.36 | P23: 0 | Q23: 3.33 | R23: 0 | S23: 0 | T23: 0 | U23: 0 | V23: 0 | X23: 0.43 | Y23: 0.59 | Z23: 8.86 | AA23: 0.47
B24: Cuarzo | C24: 1.69 | D24: 40.78 | E24: 4.44 | F24: 0 | G24: 2.28 | H24: 2.68 | I24: 0 | J24: 3.67 | K24: 0 | L24: 0 | M24: 2.25 | N24: 1.07 | O24: 0 | P24: 15.27 | Q24: 2.66 | R24: 6.53 | S24: 0 | T24: 0 | U24: 0 | V24: 0 | W24: 1.14 | Y24: 0.34 | Z24: 2.3 | AA24: 0.35
B25: Rutilo/anatase | C25: 0 | D25: 1.19 | E25: 3.36 | F25: 0 | G25: 0 | H25: 0 | I25: 0 | J25: 0 | K25: 0 | L25: 0 | M25: 0 | N25: 0 | O25: 0 | P25: 0 | Q25: 0 | R25: 0 | S25: 0 | T25: 0 | U25: 0 | V25: 0 | W25: 0.47 | X25: 0.01 | Z25: 0 | AA25: 0
B26: Pirita | C26: 0 | D26: 0.41 | E26: 0.03 | F26: 0 | G26: 0.03 | H26: 0 | I26: 0 | J26: 0 | K26: 0 | L26: 0 | M26: 0 | N26: 0 | O26: 0.54 | P26: 0 | Q26: 0 | R26: 0 | S26: 0 | T26: 0 | U26: 0 | V26: 0 | W26: 1.26 | X26: 0.03 | Y26: 0 | AA26: 0
B27: Covelina | C27: 0 | D27: 0 | E27: 0 | F27: 0 | G27: 0 | H27: 0 | I27: 0 | J27: 0 | K27: 0 | L27: 0 | M27: 0 | N27: 0 | O27: 0.39 | P27: 3.92 | Q27: 2 | R27: 0 | S27: 0 | T27: 0 | U27: 0 | V27: 0 | W27: 0.02 | X27: 0 | Y27: 0 | Z27: 0
B28: Otros | C28: 0.01 | D28: 0.35 | E28: 0.01 | F28: 0 | G28: 0 | H28: 0 | I28: 0 | J28: 0 | K28: 0 | L28: 0 | M28: 0 | N28: 0 | O28: 0 | P28: 0 | Q28: 0 | R28: 0 | S28: 0 | T28: 0 | U28: 0 | V28: 0 | W28: 0.07 | X28: 0.14 | Y28: 0.01 | Z28: 2.61 | AA28: 0
B29: Partículas complejas | C29: 88.14 | D29: 29.02 | E29: 66.39 | F29: 85.71 | G29: 73.2 | H29: 95.82 | I29: 0 | J29: 51.95 | K29: 100 | L29: 91.98 | M29: 82.94 | N29: 83.39 | O29: 67.05 | P29: 25.49 | Q29: 69.21 | R29: 33.62 | S29: 0 | T29: 58.63 | U29: 0 | V29: 85.58 | W29: 41.71 | X29: 23.3 | Y29: 40.78 | Z29: 32.77 | AA29: 39.37
B30: Total | C30: 100 | D30: 100 | E30: 100 | F30: 100 | G30: 100 | H30: 100 | I30: 100 | J30: 100 | K30: 100 | L30: 100 | M30: 100 | N30: 100 | O30: 100 | P30: 100 | Q30: 100 | R30: 100 | S30: 100 | T30: 100 | U30: 0 | V30: 100 | W30: 100 | X30: 100 | Y30: 100 | Z30: 100 | AA30: 100
B31: Complex/Other | C31: 3.0394587 | D31: 8.2155206 | E31: 2.5146456 | F31: 5.5570135 | G31: 5.6698778 | H31: 10.803139 | I31: 5.6257242 | J31: 1.286726 | K31: 2.8295505 | L31: 10.224849 | M31: 5.1643226

Sheet 10. Test Ciclo Abierto
B2: Test de Ciclo Abierto (TCA)
J4: Reactivos en g/t | N4: Concentrado | P4: Relave
B5: Etapa | C5: Vol. Celda, L | D5: Agitación, rpm | E5: Flujo Aire, L/min | F5: pH | G5: ORP, mV | H5: Tiempo Flot., mm;ss | I5: Frecuencia de Paleteo | J5: Matcol 715 | K5: FP-650 | L5: Matcol 660 | M5: Cal | N5: Peso Pulpa, g | O5: ID Bandeja | P5: Peso Pulpa, g | Q5: ID Bandeja | R5: ID Celda | S5: ml Cal 10%
B6: Grind | C6: - | D6: - | E6: - | F6: 8.4 | G6: 82.9 | H6: 14:40 | I6: - | J6: 28 | M6: 300 | N6: - | O6: - | P6: - | Q6: - | R6: - | S6: -
B7: Acond. | C7: 4.7 | D7: 1200 | E7: - | F7: 10.21 | G7: 38.8 | H7: 3:00 | I7: - | K7: 16 | N7: - | O7: - | P7: - | Q7: - | S7: 3.2
B8: Rougherx2 | C8: 4.7 | D8: 1200 | E8: 10 | F8: 10.22 | G8: 39.2 | H8: 20:00 | I8: 1 cada 10 sg | K8: 8 | N8: 3417.7 | O8: B018 | P8: 7420.6 | Q8: - | R8: C-42 | S8: 2.6
B9: Regrind | C9: - | D9: - | E9: - | F9: 11.38 | G9: 79.7 | H9: 00:30 | I9: - | M9: 500 | O9: - | P9: - | Q9: - | R9: - | S9: -
B10: Cleaner 1 | C10: 3 | D10: 1200 | E10: 2 | F10: 11.3 | G10: 51.6 | H10: 3:00 | I10: 1 cada 15 sg | L10: 6 | N10: 632.8 | O10: F077 | P10: - | Q10: - | R10: C-13 | S10: 0
B11: Cleaner Scv | C11: 3 | D11: 1200 | E11: 6 | F11: 11.32 | G11: 19.6 | H11: 15:00 | I11: 1 cada 5 sg | N11: 2099 | O11: B088 | P11: 4828.5 | Q11: TK-43 | R11: C-13 | S11: 6.2
B12: Cleaner 2 | C12: 1.3 | D12: 800 | E12: 1.5 | F12: 11.34 | G12: -5.3 | H12: 3:00 | I12: 1 cada 15 sg | N12: 486.7 | O12: F131 | P12: 2336.6 | Q12: F097 | R12: B | S12: 1.2
B14: Producto | C14: Peso | E14: Análisis Químicos%
C15: g | D15: % | E15: Cu-T | F15: Mo | G15: Fe | H15: S
B16: Relave Ro | C16: 2922.7 | E16: 0.09 | F16: 38 | G16: 1.533 | H16: 1.15
B17: Concentrado 1°CL | C17: 69.2 | E17: 17.5 | F17: 1375 | G17: 19.77 | H17: 25.21
B18: Relave Cln SCV | C18: 361 | E18: 0.142 | F18: 178 | G18: 1.969 | H18: 1.61
B19: Relave 2 Cl | C19: 105.8 | E19: 2.27 | F19: 725 | G19: 5.398 | H19: 5.96
B20: Concentrado 2°Cl | C20: 35 | E20: 14.98 | F20: 1751 | G20: 21.1 | H20: 24.01
B22: Alimentación Cl. Assay | C22: - | E22: 3.57 | F22: 479.6 | G22: 6.24 | H22: 7.36
B25: Balance
E27: % | J27: gr
D28: Peso, gr | E28: =E15 -> Cu-T | F28: =F15 -> Mo | G28: =G15 -> Fe | H28: =H15 -> S | J28: =E28 -> Cu-T | K28: =F28 -> Mo | L28: =G28 -> Fe | M28: =H28 -> S
C29: alim | D29: =D30+D31 -> 3493.7 | E29: =J29*100/$D29 -> 0.65540001 | F29: =K29*100/$D29 -> 116.91347 | G29: =L29*100/$D29 -> 2.2523401 | H29: =M29*100/$D29 -> 2.0487635 | J29: =SUM(J30:J31) -> 22.89771 | K29: =SUM(K30:K31) -> 4084.606 | L29: =SUM(L30:L31) -> 78.690005 | M29: =SUM(M30:M31) -> 71.57765
B30: Rougher | C30: conc | D30: =D35 -> 571 | E30: =E35 -> 3.5494361 | F30: =F35 -> 520.83713 | G30: =G35 -> 5.9343282 | H30: =H35 -> 6.6491419 | J30: =E30*$D30/100 -> 20.26728 | K30: =F30*$D30/100 -> 2973.98 | L30: =G30*$D30/100 -> 33.885014 | M30: =H30*$D30/100 -> 37.9666
C31: relave | D31: =C16 -> 2922.7 | E31: =E16 -> 0.09 | F31: =F16 -> 38 | G31: =G16 -> 1.533 | H31: =H16 -> 1.15 | J31: =E31*$D31/100 -> 2.63043 | K31: =F31*$D31/100 -> 1110.626 | L31: =G31*$D31/100 -> 44.804991 | M31: =H31*$D31/100 -> 33.61105
C32: alim | D32: =D33+D34 -> 501.8 | E32: =J32*100/$D32 -> 1.6256038 | F32: =K32*100/$D32 -> 403.04504 | G32: =L32*100/$D32 -> 4.02634 | H32: =M32*100/$D32 -> 4.0895337 | J32: =SUM(J33:J34) -> 8.15728 | K32: =SUM(K33:K34) -> 2022.48 | L32: =SUM(L33:L34) -> 20.204174 | M32: =SUM(M33:M34) -> 20.52128
B33: Scavenger | C33: conc | D33: =D38 -> 140.8 | E33: =E38 -> 5.429446 | F33: =F38 -> 980.04261 | G33: =G38 -> 9.301196 | H33: =H38 -> 10.446861 | J33: =E33*$D33/100 -> 7.64466 | K33: =F33*$D33/100 -> 1379.9 | L33: =G33*$D33/100 -> 13.096084 | M33: =H33*$D33/100 -> 14.70918
C34: relave | D34: =C18 -> 361 | E34: =E18 -> 0.142 | F34: =F18 -> 178 | G34: =G18 -> 1.969 | H34: =H18 -> 1.61 | J34: =E34*$D34/100 -> 0.51262 | K34: =F34*$D34/100 -> 642.58 | L34: =G34*$D34/100 -> 7.10809 | M34: =H34*$D34/100 -> 5.8121
C35: alim | D35: =D36+D37 -> 571 | E35: =J35*100/$D35 -> 3.5494361 | F35: =K35*100/$D35 -> 520.83713 | G35: =L35*100/$D35 -> 5.9343282 | H35: =M35*100/$D35 -> 6.6491419 | J35: =SUM(J36:J37) -> 20.26728 | K35: =SUM(K36:K37) -> 2973.98 | L35: =SUM(L36:L37) -> 33.885014 | M35: =SUM(M36:M37) -> 37.9666
B36: Cleaner 1 | C36: conc | D36: =C17 -> 69.2 | E36: =E17 -> 17.5 | F36: =F17 -> 1375 | G36: =G17 -> 19.77 | H36: =H17 -> 25.21 | J36: =E36*$D36/100 -> 12.11 | K36: =F36*$D36/100 -> 951.5 | L36: =G36*$D36/100 -> 13.68084 | M36: =H36*$D36/100 -> 17.44532
C37: relave | D37: =D32 -> 501.8 | E37: =E32 -> 1.6256038 | F37: =F32 -> 403.04504 | G37: =G32 -> 4.02634 | H37: =H32 -> 4.0895337 | J37: =E37*$D37/100 -> 8.15728 | K37: =F37*$D37/100 -> 2022.48 | L37: =G37*$D37/100 -> 20.204174 | M37: =H37*$D37/100 -> 20.52128
C38: alim | D38: =D39+D40 -> 140.8 | E38: =J38*100/$D38 -> 5.429446 | F38: =K38*100/$D38 -> 980.04261 | G38: =L38*100/$D38 -> 9.301196 | H38: =M38*100/$D38 -> 10.446861 | J38: =SUM(J39:J40) -> 7.64466 | K38: =SUM(K39:K40) -> 1379.9 | L38: =SUM(L39:L40) -> 13.096084 | M38: =SUM(M39:M40) -> 14.70918
B39: Cleaner 2 | C39: conc | D39: =C20 -> 35 | E39: =E20 -> 14.98 | F39: =F20 -> 1751 | G39: =G20 -> 21.1 | H39: =H20 -> 24.01 | J39: =E39*$D39/100 -> 5.243 | K39: =F39*$D39/100 -> 612.85 | L39: =G39*$D39/100 -> 7.385 | M39: =H39*$D39/100 -> 8.4035
C40: relave | D40: =C19 -> 105.8 | E40: =E19 -> 2.27 | F40: =F19 -> 725 | G40: =G19 -> 5.398 | H40: =H19 -> 5.96 | J40: =E40*$D40/100 -> 2.40166 | K40: =F40*$D40/100 -> 767.05 | L40: =G40*$D40/100 -> 5.711084 | M40: =H40*$D40/100 -> 6.30568
B42: Recuperación por Etapa | C42: =B30 -> Rougher | D42: =D30/D29 -> 0.16343704 | E42: =J30/J29 -> 0.88512257 | F42: =K30/K29 -> 0.7280947 | G42: =L30/L29 -> 0.43061395 | H42: =M30/M29 -> 0.53042535
C43: =B33 -> Scavenger | D43: =D33/D32 -> 0.28058988 | E43: =J33/J32 -> 0.93715797 | F43: =K33/K32 -> 0.68228116 | G43: =L33/L32 -> 0.64818705 | H43: =M33/M32 -> 0.71677693
C44: =B36 -> Cleaner 1 | D44: =D36/D35 -> 0.12119089 | E44: =J36/J35 -> 0.59751481 | F44: =K36/K35 -> 0.31994163 | G44: =L36/L35 -> 0.40374308 | H44: =M36/M35 -> 0.45949124
C45: =B39 -> Cleaner 2 | D45: =D39/D38 -> 0.24857955 | E45: =J39/J38 -> 0.68583822 | F45: =K39/K38 -> 0.44412639 | G45: =L39/L38 -> 0.56390903 | H45: =M39/M38 -> 0.57130989
B47: Recuperación Global | C47: Rougher | D47: =D42 -> 0.16343704 | E47: =E42 -> 0.88512257 | F47: =F42 -> 0.7280947 | G47: =G42 -> 0.43061395 | H47: =H42 -> 0.53042535
C48: Cleaner | D48: =(D30-D34)/D30 -> 0.36777583 | E48: =(J30-J34)/J30 -> 0.97470702 | F48: =(K30-K34)/K30 -> 0.78393264 | G48: =(L30-L34)/L30 -> 0.7902291 | H48: =(M30-M34)/M30 -> 0.84691545
C49: Global | D49: =+D48*D47 -> 0.060108195 | E49: =+E48*E47 -> 0.86273518 | F49: =+F48*F47 -> 0.57077721 | G49: =+G48*G47 -> 0.34028367 | H49: =+H47*H48 -> 0.44922542
B52: Alim. 1° Cl | C52: 3.5494361
B53: Conc. 1° Cl | C53: 17.5
B54: Cola 1° Cl | C54: 1.6256038
B55: Alim. SCV | C55: 1.6256038
B56: Conc. SCV | C56: 5.429446
B57: Conc. Cl-SCV | C57: 14.98
B58: Cola Cl-SCV | C58: 2.27
B59: Cola SCV | C59: 0.142
B61: RE 1° Cl | C61: =+C53/C52 -> 4.9303607
B62: RE Cl-SCV | C62: =+C57/C56 -> 2.7590292
B64: Rp | C64: =+(C52-C59)/(C57-C59)*100 -> 22.964254
B65: RE | C65: =C57/C52 -> 4.2203887
B67: Rec Ro | C67: =+E47*100 -> 88.512257
B68: Rec Cleaner | C68: =+C64*C65 -> 96.918081
B69: Rec Global | C69: =+C68*C67/100 -> 85.784381
B70: Rp Global | C70: =+(0.655-(AVERAGE(C59,0.15)))/((AVERAGE(C53,C57))-(AVERAGE(C59,0.15)))*100 -> 3.1626693

Sheet 11. Casos
B2: # | C2: Casos Piloto Jameson | D2: Hipótesis a validar
B3: 1 | C3: Caso Base (con compósito) | D3: Establecer el circuito base con condiciones actuales de planta LS2 de comparación para los siguientes casos
B4: 2 | C4: Caso Base (con compósito) + Jameson [Cola Ro] | D4: Cuantificar potencial recuperación y ley de cobre en relave rougher que actualmente se va directo a relave final
B5: 3 | C5: Caso Base (con compósito)+ Jameson [Pre Cl-SCV] | D5: Cuantificar el impacto en la recuperación y ley de cobre en relave 1ra limpieza al disminuir la alimentación y recirculación de finos en la etapa scavenger-cleaner del circuito
B6: 4 | C6: Caso Base (con compósito)+ Jameson [Pre-Cl] | D6: Cuantificar el impacto en la 1ra flotación de limpieza al disminuir la alimentación y recirculación de finos en esta parte del circuito
B7: 5 | C7: Mayor Flujo Caso Base (con compósito) + Jameson [Pre Cl-SCV] | D7: Cuantificar el impacto del throughput en el performance obtenido en la prueba del caso N°3
B8: 6 | C8: Caso Base (con compósito) P80 mayor + Jameson [Cola Ro] | D8: Cuantificar el impacto del P80 en el performance obtenido en la prueba del caso N°2. Además, obtener resultados complementarios por su a futuro se pretende aumentar el P80 en planta
B9: 7 | C9: Caso Base (con compósito) + Dispersante | D9: Establecer el impacto del dispersante en el caso base del piloto
B10: 8 | C10: Caso Base con Muestra alta ley | D10: Establecer el caso base para periodos donde la ley de alimentación en planta aumente y cuantificar el impacto de la ley con respecto al circuito base con compósito
B11: 9 | C11: Caso Base con Muestra baja ley | D11: Establecer el caso base para periodos donde la ley de alimentación en planta disminuya y cuantificar el impacto de la ley con respecto al circuito base con compósito
B12: 10 | C12: Mejor Caso Jameson (con compósito) + Dispersante | D12: Establecer el impacto del dispersante en el mejor caso con Jameson elegido (Caso N°2, N°3, N°4)

Sheet 12. Circuitos
B2: Circuitos
S28: P80 = 165 um
S29: P80 = 180 um

Sheet 13. Pilotaje Rougher
B2: Pilotaje Rougher
B4: Parámetros | C4: #1 - Caso Base Original | D4: #2 - Caso Base Original Mejorado | E4: #3 – Caso Base Original Mejorado con Aire
B5: pH | C5: 10.2 | D5: 9.6 | E5: 9.6
B6: NaSH | C6: No | D6: Sí (ORP ≈ -125) | E6: Sí (ORP ≈ -125)
B7: Feed P80 (µm) | C7: 165 | D7: 165 | E7: 165
B8: %Cp | C8: 0.3 | D8: 0.3 | E8: 0.3
B9: Collector Matcol715 (g/ton) | C9: 28 | D9: 28 | E9: 28
B10: Frother FP-650 (g/ton) | C10: 16–18 | D10: 16–18 | E10: 18–24
B11: Aire (Jg) | C11: Normal (0.4–0.5) | D11: Normal (0.4–0.5) | E11: Aumentado (0.7-1.0)
B12: %Cu Alimentación | C12: 0.665 | D12: 0.666 | E12: 0.663
B13: %Cu Concentrado | C13: 5.413 | D13: 3.643 | E13: 3.03
B14: %Cu Cola | C14: 0.157 | D14: 0.139 | E14: 0.128
B15: %Cu Recuperación | C15: 78.9 | D15: 82.5 | E15: 84.7
B16: %Cu Recuperación en Peso | C16: 10.764 | D16: 15.97 | E16: 18.136
B18: Fecha | C18: Condición | D18: P80 | E18: Elemento | F18: Alim. Ro | G18: Cola Ro | H18: Conc. Ro | I18: Rec. Másica (%) | J18: RE Rougher | K18: Rec. Met. % | L18: Elemento | M18: Alim. Ro | N18: Cola Ro | O18: Conc. Ro | P18: Rec. Masica (%) | Q18: RE Rougher | R18: Rec. Met. %
B19: Estándar | C19: Estándar | D19: 165 | E19: Cu | F19: 0.65 | G19: 0.1 | H19: 4.46 | I19: =+'17. Jms - Pre Rougher'!M38 -> 12.537734 | J19: 6.8615385 | K19: 86.345467 | L19: Fe | M19: 1.95 | N19: 1.22 | O19: 7.08 | P19: =+'17. Jms - Pre Rougher'!M38 -> 12.537734 | Q19: =+O19/M19 -> 3.6307692 | R19: =+'17. Jms - Pre Rougher'!P38 -> 45.418572
B20: 04-08-2025 | C20: Cond. 1 | D20: 165 | E20: Cu | F20: 0.609 | G20: 0.167 | H20: 2.083 | I20: 23.068894 | J20: 3.4203612 | K20: 78.903949 | L20: Fe | M20: 1.87 | N20: 1.6 | O20: 3.35 | P20: 15.428571 | Q20: 1.7914439 | R20: 27.639419
B21: 04-08-2025 | C21: Cond. 1 | D21: 165 | E21: Cu | F21: 0.638 | G21: 0.124 | H21: 3.415 | I21: 15.618353 | J21: 5.3526646 | K21: 83.599805 | L21: Fe | M21: 2.11 | N21: 1.43 | O21: 5.36 | P21: 17.302799 | Q21: 2.5402844 | R21: 43.95403
B22: 05-08-2025 | C22: Cond. 1 | D22: 165 | E22: Cu | F22: 0.646 | G22: 0.128 | H22: 3.629 | I22: 14.795773 | J22: 5.6176471 | K22: 83.117429 | L22: Fe | M22: 2.24 | N22: 1.26 | O22: 7.66 | P22: 15.3125 | Q22: 3.4196429 | R22: 52.363281
B23: 05-08-2025 | C23: Cond. 1 | D23: 165 | E23: Cu | F23: 0.634 | G23: 0.15 | H23: 6.22 | I23: 7.9736409 | J23: 9.8107256 | K23: 78.227202 | L23: Fe | M23: 2.4 | N23: 1.7 | O23: 9.12 | P23: 9.4339623 | Q23: 3.8 | R23: 35.849057
B24: 06-08-2025 | C24: Cond. 1 | D24: 165 | E24: Cu | F24: 0.711 | G24: 0.15 | H24: 5.55 | I24: 10.388889 | J24: 7.8059072 | K24: 81.094702 | L24: Fe | M24: 2.33 | N24: 1.52 | O24: 8.21 | P24: 12.107623 | Q24: 3.5236052 | R24: 42.662484
B25: 06-08-2025 | C25: Cond. 1 | D25: 165 | E25: Cu | F25: 0.681 | G25: 0.146 | H25: 7.48 | I25: 7.2947914 | J25: 10.983847 | K25: 80.124875 | L25: Fe | M25: 2.47 | N25: 1.84 | O25: 12.4 | P25: 5.9659091 | Q25: 5.0202429 | R25: 29.950313
B26: 07-08-2025 | C26: Cond. 1 | D26: 165 | E26: Cu | F26: 0.703 | G26: 0.154 | H26: 5.01 | I26: 11.305601 | J26: 7.1266003 | K26: 80.570502 | L26: Fe | M26: 2.32 | N26: 1.73 | O26: 6.94 | P26: 11.324376 | Q26: 2.9913793 | R26: 33.875505
B27: 07-08-2025 | C27: Cond. 1 | D27: 165 | E27: Cu | F27: 0.691 | G27: 0.145 | H27: 6.09 | I27: 9.1841884 | J27: 8.813314 | K27: 80.943136 | L27: Fe | M27: 2.5 | N27: 1.9 | O27: 8.16 | P27: 9.5846645 | Q27: 3.264 | R27: 31.284345
B28: 11-08-2025 | C28: Cond. 1 | D28: 165 | E28: Cu | F28: 0.714 | G28: 0.155 | H28: 5.91 | I28: 9.7132928 | J28: 8.2773109 | K28: 80.399945 | L28: Fe | M28: 2.33 | N28: 1.73 | O28: 8.07 | P28: 9.4637224 | Q28: 3.4635193 | R28: 32.777785
B29: 11-08-2025 | C29: Cond. 1 | D29: 165 | E29: Cu | F29: 0.691 | G29: 0.165 | H29: 2.984 | I29: 18.659099 | J29: 4.3183792 | K29: 80.577064 | L29: Fe | M29: 2.33 | N29: 1.82 | O29: 4.27 | P29: 20.816327 | Q29: 1.832618 | R29: 38.148375
B30: 12-08-2025 | C30: Cond. 1 | D30: 165 | E30: Cu | F30: 0.676 | G30: 0.183 | H30: 6.22 | I30: 8.1663078 | J30: 9.2011834 | K30: 75.139696 | L30: Fe | M30: 2.43 | N30: 1.82 | O30: 9.22 | P30: 8.2432432 | Q30: 3.7942387 | R30: 31.276832
B31: 12-08-2025 | C31: Cond. 1 | D31: 165 | E31: Cu | F31: 0.698 | G31: 0.161 | H31: 6.02 | I31: 9.1653866 | J31: 8.6246418 | K31: 79.048177 | L31: Fe | M31: 2.28 | N31: 1.72 | O31: 8.77 | P31: 7.9432624 | Q31: 3.8464912 | R31: 30.553689
... B52: 28-08-2025 | C52: Cond. 2 | D52: 165 | E52: Cu | F52: 0.687 | G52: 0.146 | H52: 3.745 | I52: 15.031953 | J52: 5.4512373 | K52: 81.942744 | L52: Fe | M52: 2.41 | N52: 1.11 | O52: 10.7 | P52: 13.555787 | Q52: 4.439834 | R52: 60.185446
M53: =AVERAGE(M37:M52) -> 2.35625 | N53: =AVERAGE(N37:N52) -> 1.016875 | O53: =AVERAGE(O37:O52) -> 9.62375
E54: Cond #1 | F54: =+AVERAGE(F20:F36) -> 0.67582353 | G54: =+AVERAGE(G20:G36) -> 0.15441176
E55: Cond #2 | F55: =+AVERAGE(F37:F52) -> 0.6816875 | G55: =+AVERAGE(G37:G52) -> 0.1315
C56: Alim. Ro | D56: Cola Ro | E56: Conc. Ro | M56: Alim. Ro | N56: Cola Ro | O56: Conc. Ro
B57: CV #1 | C57: =_xlfn.STDEV.S(F20:F36)/AVERAGE(F20:F36) -> 0.042333467 | D57: =_xlfn.STDEV.S(G20:G36)/AVERAGE(G20:G36) -> 0.13522797 | E57: =_xlfn.STDEV.S(H20:H36)/AVERAGE(H20:H36) -> 0.31349348 | L57: CV #1 | M57: =_xlfn.STDEV.S(M20:M36)/AVERAGE(M20:M36) -> 0.064045984 | N57: =_xlfn.STDEV.S(N20:N36)/AVERAGE(N20:N36) -> 0.17031428 | O57: =_xlfn.STDEV.S(O20:O36)/AVERAGE(O20:O36) -> 0.26969942
B58: CV #2 | C58: =_xlfn.STDEV.S(F37:F52)/AVERAGE(F37:F52) -> 0.015354852 | D58: =_xlfn.STDEV.S(G37:G52)/AVERAGE(G37:G52) -> 0.081384218 | E58: =_xlfn.STDEV.S(H37:H52)/AVERAGE(H37:H52) -> 0.25324323 | L58: CV #2 | M58: =_xlfn.STDEV.S(M37:M52)/AVERAGE(M37:M52) -> 0.018196622 | N58: =_xlfn.STDEV.S(N37:N52)/AVERAGE(N37:N52) -> 0.082177109 | O58: =_xlfn.STDEV.S(O37:O52)/AVERAGE(O37:O52) -> 0.30651462
B59: Media #1 | E59: =AVERAGE(H20:H36) -> 5.1583529
B60: Media #2 | E60: =+AVERAGE(H37:H52) -> 3.21325
B61: Desv #1 | E61: =+_xlfn.STDEV.S(H20:H36) -> 1.61711 | M61: Condición #1 | N61: Condición #2
B62: Desv #2 | E62: =_xlfn.STDEV.S(H37:H52) -> 0.81373382 | L62: Mínimo | M62: =+MIN(R20:R36) -> 19.942537 | N62: =+MIN(R37:R52) -> 56.804432
B63: Rango #1 | E63: =E59+2*E61 -> 8.392573 | F63: =E59-2*E61 -> 1.9241329 | L63: Máximo | M63: =+MAX(R20:R36) -> 67.203583 | N63: =+MAX(R37:R52) -> 69.346172
B64: Rango #2 | E64: =E60+2*E62 -> 4.8407176 | F64: =E60-2*E62 -> 1.5857824 | L64: Media | M64: =+AVERAGE(R20:R36) -> 36.58419 | N64: =+AVERAGE(R37:R52) -> 64.344745
C65: Condición #1 | D65: Condición #2 | L65: Media geométrica | M65: =+GEOMEAN(R20:R36) -> 34.92041 | N65: =+GEOMEAN(R37:R52) -> 64.249889
B66: Mínimo | C66: =+MIN(K20:K36) -> 74.079828 | D66: =+MIN(K37:K52) -> 81.528161 | L66: Mediana | M66: =+MEDIAN(R20:R36) -> 33.875505 | N66: =+MEDIAN(R37:R52) -> 64.334326
B67: Máximo | C67: =+MAX(K20:K36) -> 85.523828 | D67: =+MAX(K37:K52) -> 86.915972
B68: Media | C68: =+AVERAGE(K20:K36) -> 79.807494 | D68: =+AVERAGE(K37:K52) -> 84.376281
B69: Media geométrica | C69: =+GEOMEAN(K20:K36) -> 79.748824 | D69: =+GEOMEAN(K37:K52) -> 84.363746
B70: Mediana | C70: =+MEDIAN(K20:K36) -> 80.399945 | D70: =+MEDIAN(K37:K52) -> 84.582167
B82: Pilotaje Rougher
B83: Condición | C83: 1# | D83: 2#
B84: P80 | C84: =AVERAGE($D$19:$D$36) -> 165 | D84: =AVERAGE($D$19:$D$36) -> 165
B85: Elemento | C85: Cu | D85: Cu | AH85: NaSH recupera Fe
B86: Alimentacion Ro | C86: =AVERAGE(F20:F36) -> 0.67582353 | D86: =AVERAGE(F37:F52) -> 0.6816875 | M86: 0.66
B87: Concentrado | C87: =AVERAGE(H20:H36) -> 5.1583529 | D87: =AVERAGE(H37:H52) -> 3.21325
B88: Cola | C88: =AVERAGE(G20:G36) -> 0.15441176 | D88: =AVERAGE(G37:G52) -> 0.1315
B89: Rec. Masica | C89: =AVERAGE(I20:I36) -> 11.81076 | D89: =AVERAGE(I37:I52) -> 18.982553
B90: RE Rougher | C90: =AVERAGE(J20:J36) -> 7.5971938 | D90: =AVERAGE(J37:J52) -> 4.7111035
B91: Rec. Metalurgica | C91: =AVERAGE(K20:K36) -> 79.807494 | D91: =AVERAGE(K37:K52) -> 84.376281

Sheet 14. Cinética Rougher
B2: Cinéticas Rougher
B3: P80 165 um
B5: Cinetica STD | C5: Tiempo, min | D5: Tiempo acumulado, min | E5: Masa seca, gr | F5: Masa húmeda, gr | G5: Cp, % | H5: Masa acumulada, gr | I5: Ley, Cu% | J5: Ley acumulada, Cu% | K5: Recuperación, Cu% | L5: Mass Pull, % | M5: Mass Pull acumulado, % | N5: Ley, Fe% | O5: Ley acumulada, Fe% | P5: Recuperación, Fe%
B6: Concentrado 1 | C6: 0.5 | D6: =+C6 -> 0.5 | E6: 13.125368 | G6: =+E6/F6*100 -> #DIV/0! | H6: =E6 -> 13.125368 | I6: 10.99 | J6: =SUMPRODUCT(E6,I6)/H6 -> 10.99 | K6: =SUMPRODUCT(H6,J6)/SUMPRODUCT($H$11,$J$11)*100 -> 35.531947 | L6: =E6/$E$12*100 -> 2.0950593 | M6: =+L6 -> 2.0950593 | N6: 13.1 | O6: =SUMPRODUCT(E6,N6)/H6 -> 13.1 | P6: =SUMPRODUCT(M6,O6)/SUMPRODUCT($M$11,$O$11)*100 -> 10.717802
B7: Concentrado 2 | C7: 1 | D7: =+D6+C7 -> 1.5 | E7: 14.000173 | G7: =+E7/F7*100 -> #DIV/0! | H7: =H6+E7 -> 27.125541 | I7: 3.454 | J7: =SUMPRODUCT(E6:E7,I6:I7)/H7 -> 7.1004812 | K7: =SUMPRODUCT(H7,J7)/SUMPRODUCT($H$11,$J$11)*100 -> 47.443422 | L7: =E7/$E$12*100 -> 2.2346948 | M7: =+M6+L7 -> 4.3297541 | N7: 5.54 | O7: =SUMPRODUCT(E6:E7,N6:N7)/H7 -> 9.1980942 | P7: =SUMPRODUCT(M7,O7)/SUMPRODUCT($M$11,$O$11)*100 -> 15.552463
B8: Concentrado 3 | C8: 2 | D8: =+D7+C8 -> 3.5 | E8: 23.634593 | G8: =+E8/F8*100 -> #DIV/0! | H8: =H7+E8 -> 50.760134 | I8: 1.662 | J8: =SUMPRODUCT(E6:E8,I6:I8)/H8 -> 4.5682521 | K8: =SUMPRODUCT(H8,J8)/SUMPRODUCT($H$11,$J$11)*100 -> 57.119268 | L8: =E8/$E$12*100 -> 3.7725322 | M8: =+M7+L8 -> 8.1022863 | N8: 3.6 | O8: =SUMPRODUCT(E6:E8,N6:N8)/H8 -> 6.5915471 | P8: =SUMPRODUCT(M8,O8)/SUMPRODUCT($M$11,$O$11)*100 -> 20.856098
B9: Concentrado 4 | C9: 8 | D9: =+D8+C9 -> 11.5 | E9: 84.148063 | G9: =+E9/F9*100 -> #DIV/0! | H9: =H8+E9 -> 134.9082 | I9: 1.119 | J9: =SUMPRODUCT(E6:E9,I6:I9)/H9 -> 2.4168047 | K9: =SUMPRODUCT(H9,J9)/SUMPRODUCT($H$11,$J$11)*100 -> 80.313716 | L9: =E9/$E$12*100 -> 13.431637 | M9: =+M8+L9 -> 21.533923 | N9: 3.85 | O9: =SUMPRODUCT(E6:E9,N6:N9)/H9 -> 4.8815259 | P9: =SUMPRODUCT(M9,O9)/SUMPRODUCT($M$11,$O$11)*100 -> 41.05035
B10: Concentrado 5 | C10: 16 | D10: =+D9+C10 -> 27.5 | E10: 66.441015 | G10: =+E10/F10*100 -> #DIV/0! | H10: =H9+E10 -> 201.34921 | I10: 0.499 | J10: =SUMPRODUCT(E6:E10,I6:I10)/H10 -> 1.7839694 | K10: =SUMPRODUCT(H10,J10)/SUMPRODUCT($H$11,$J$11)*100 -> 88.480416 | L10: =E10/$E$12*100 -> 10.605254 | M10: =+M9+L10 -> 32.139177 | N10: 2.78 | O10: =SUMPRODUCT(E6:E10,N6:N10)/H10 -> 4.1880665 | P10: =SUMPRODUCT(M10,O10)/SUMPRODUCT($M$11,$O$11)*100 -> 52.56376
B11: Relave | E11: 425.14228 | G11: =+E11/F11*100 -> #DIV/0! | H11: =H10+E11 -> 626.4915 | I11: 0.11 | J11: =SUMPRODUCT(E5:E11,I5:I11)/H11 -> 0.648 | K11: =SUMPRODUCT(H11,J11)/SUMPRODUCT($H$11,$J$11)*100 -> 100 | L11: =E11/$E$12*100 -> 67.860823 | M11: =+M10+L11 -> 100 | N11: 1.79 | O11: =SUMPRODUCT(E5:E11,N5:N11)/H11 -> 2.5607188 | P11: =SUMPRODUCT(M11,O11)/SUMPRODUCT($M$11,$O$11)*100 -> 100
B12: Alimentación | E12: =+SUM(E6:E11) -> 626.4915 | G12: =+I12/F12*100 -> #DIV/0! | I12: =+SUMPRODUCT(I6:I11,E6:E11)/SUM(E6:E11) -> 0.648
B13: Cabeza Medida | I13: 0.648
B14: Cabeza Calculada | I14: =+(I12-I13)/I12 -> -1.4140697e-09 | J14: =+SUMPRODUCT(I6:I11,E6:E11)/SUM(E6:E11) -> 0.648
B15: Error | J15: =+(J13-J14)/J13 -> #DIV/0!
B18: P80 145 um
B20: Cinetica STD | C20: Tiempo, min | D20: Tiempo acumulado, min | E20: Masa seca, gr | F20: Masa húmeda, gr | G20: Cp, % | H20: Masa acumulada, gr | I20: Ley, Cu% | J20: Ley acumulada, Cu% | K20: Recuperación, Cu% | L20: Mass Pull, % | M20: Mass Pull acumulado, % | N20: Ley, Fe% | O20: Ley acumulada, Fe% | P20: Recuperación, Fe%
B21: Concentrado 1 | C21: 0.5 | D21: =+C21 -> 0.5 | E21: 15.861809 | G21: =+E21/F21*100 -> #DIV/0! | H21: =E21 -> 15.861809 | I21: 12.07 | J21: =SUMPRODUCT(E21,I21)/H21 -> 12.07 | K21: =SUMPRODUCT(H21,J21)/SUMPRODUCT($H$26,$J$26)*100 -> 36.872449 | L21: =E21/$E$27*100 -> 1.9795648 | M21: =+L21 -> 1.9795648 | N21: 14.4 | O21: =SUMPRODUCT(E21,N21)/H21 -> 14.4 | P21: =SUMPRODUCT(M21,O21)/SUMPRODUCT($M$26,$O$26)*100 -> 10.619023
B22: Concentrado 2 | C22: 1 | D22: =+D21+C22 -> 1.5 | E22: 12.819256 | G22: =+E22/F22*100 -> #DIV/0! | H22: =H21+E22 -> 28.681064 | I22: 6.46 | J22: =SUMPRODUCT(E21:E22,I21:I22)/H22 -> 9.5625608 | K22: =SUMPRODUCT(H22,J22)/SUMPRODUCT($H$26,$J$26)*100 -> 52.821592 | L22: =E22/$E$27*100 -> 1.5998521 | M22: =+M21+L22 -> 3.5794168 | N22: 9.52 | O22: =SUMPRODUCT(E21:E22,N21:N22)/H22 -> 12.218841 | P22: =SUMPRODUCT(M22,O22)/SUMPRODUCT($M$26,$O$26)*100 -> 16.292759
B23: Concentrado 3 | C23: 2 | D23: =+D22+C23 -> 3.5 | E23: 21.371006 | G23: =+E23/F23*100 -> #DIV/0! | H23: =H22+E23 -> 50.052071 | I23: 3.237 | J23: =SUMPRODUCT(E21:E23,I21:I23)/H23 -> 6.8617015 | K23: =SUMPRODUCT(H23,J23)/SUMPRODUCT($H$26,$J$26)*100 -> 66.144826 | L23: =E23/$E$27*100 -> 2.6671165 | M23: =+M22+L23 -> 6.2465334 | N23: 8.3 | O23: =SUMPRODUCT(E21:E23,N21:N23)/H23 -> 10.545592 | P23: =SUMPRODUCT(M23,O23)/SUMPRODUCT($M$26,$O$26)*100 -> 24.539312
B24: Concentrado 4 | C24: 8 | D24: =+D23+C24 -> 11.5 | E24: 60.705619 | G24: =+E24/F24*100 -> #DIV/0! | H24: =H23+E24 -> 110.75769 | I24: 1.364 | J24: =SUMPRODUCT(E21:E24,I21:I24)/H24 -> 3.8484446 | K24: =SUMPRODUCT(H24,J24)/SUMPRODUCT($H$26,$J$26)*100 -> 82.092057 | L24: =E24/$E$27*100 -> 7.5761037 | M24: =+M23+L24 -> 13.822637 | N24: 6.48 | O24: =SUMPRODUCT(E21:E24,N21:N24)/H24 -> 8.3172656 | P24: =SUMPRODUCT(M24,O24)/SUMPRODUCT($M$26,$O$26)*100 -> 42.827609
B25: Concentrado 5 | C25: 16 | D25: =+D24+C25 -> 27.5 | E25: 61.726783 | G25: =+E25/F25*100 -> #DIV/0! | H25: =H24+E25 -> 172.48447 | I25: 0.559 | J25: =SUMPRODUCT(E21:E25,I21:I25)/H25 -> 2.6712555 | K25: =SUMPRODUCT(H25,J25)/SUMPRODUCT($H$26,$J$26)*100 -> 88.737554 | L25: =E25/$E$27*100 -> 7.7035456 | M25: =+M24+L25 -> 21.526183 | N25: 3.42 | O25: =SUMPRODUCT(E21:E25,N21:N25)/H25 -> 6.5646878 | P25: =SUMPRODUCT(M25,O25)/SUMPRODUCT($M$26,$O$26)*100 -> 52.642131
B26: Relave | E26: 628.79309 | G26: =+E26/F26*100 -> #DIV/0! | H26: =H25+E26 -> 801.27756 | I26: 0.093 | J26: =SUMPRODUCT(E20:E26,I20:I26)/H26 -> 0.648 | K26: =SUMPRODUCT(H26,J26)/SUMPRODUCT($H$26,$J$26)*100 -> 100 | L26: =E26/$E$27*100 -> 78.473817 | M26: =+M25+L26 -> 100 | N26: 1.62 | O26: =SUMPRODUCT(E20:E26,N20:N26)/H26 -> 2.6844025 | P26: =SUMPRODUCT(M26,O26)/SUMPRODUCT($M$26,$O$26)*100 -> 100
B27: Alimentación | E27: =+SUM(E21:E26) -> 801.27756 | G27: =+I27/F27*100 -> #DIV/0! | I27: =+SUMPRODUCT(I21:I26,E21:E26)/SUM(E21:E26) -> 0.648
B28: Cabeza Medida | I28: 0.648
B29: Cabeza Calculada | I29: =+(I27-I28)/I27 -> -5.6451174e-10 | J29: =+SUMPRODUCT(I21:I26,E21:E26)/SUM(E21:E26) -> 0.648
B30: Error | J30: =+(J28-J29)/J28 -> #DIV/0!
B34: Detalles de Muestras | D34: Ley de Cabeza | G34: Concentrados Parciales | Y34: Alim. | Z34: Alim. | AA34: % Error
B35: ID | C35: P80 | D35: Medida/Analizada | G35: Masa, g | M35: Cu, % | S35: Fe, % | Y35: Calc. | Z35: Calc.
D36: Cu | E36: Fe | F36: Mo | G36: C1 | H36: C2 | I36: C3 | J36: C4 | K36: C5 | L36: Relave | M36: C1 | N36: C2 | O36: C3 | P36: C4 | Q36: C5 | R36: Relave | S36: C1 | T36: C2 | U36: C3 | V36: C4 | W36: C5 | X36: Relave | AA36: Cu
D37: % | E37: % | F37: % | Y37: g | Z37: % | AA37: %
B38: Aminpro 33 | C38: 165 | D38: =+'6. Análisis Químico Cabeza'!D7 -> 0.66 | E38: =+'6. Análisis Químico Cabeza'!E7 -> 2.24 | G38: =+E6 -> 13.125368 | H38: =+E7 -> 14.000173 | I38: =+E8 -> 23.634593 | J38: =+E9 -> 84.148063 | K38: =+E10 -> 66.441015 | L38: =+E11 -> 425.14228 | M38: =+I6 -> 10.99 | N38: =+I7 -> 3.454 | O38: =+I8 -> 1.662 | P38: =+I9 -> 1.119 | Q38: =+I10 -> 0.499 | R38: =+I11 -> 0.11 | S38: =+N6 -> 13.1 | T38: =+N7 -> 5.54 | U38: =+N8 -> 3.6 | V38: =+N9 -> 3.85 | W38: =+N10 -> 2.78 | X38: =+N11 -> 1.79 | Y38: =+SUM(G38:L38) -> 626.4915 | Z38: =+SUMPRODUCT(G38:L38,(M38:R38))/Y38 -> 0.648 | AA38: =+(D38-Z38)/D38*100 -> 1.818182
B39: Aminpro 34 | C39: 145 | D39: =+'6. Análisis Químico Cabeza'!D7 -> 0.66 | E39: =+'6. Análisis Químico Cabeza'!E7 -> 2.24 | G39: =+E21 -> 15.861809 | H39: =+E22 -> 12.819256 | I39: =+E23 -> 21.371006 | J39: =+E24 -> 60.705619 | K39: =+E25 -> 61.726783 | L39: =+E26 -> 628.79309 | M39: =+I21 -> 12.07 | N39: =+I22 -> 6.46 | O39: =+I23 -> 3.237 | P39: =+I24 -> 1.364 | Q39: =+I25 -> 0.559 | R39: =+I26 -> 0.093 | S39: =+N21 -> 14.4 | T39: =+N22 -> 9.52 | U39: =+N23 -> 8.3 | V39: =+N24 -> 6.48 | W39: =+N25 -> 3.42 | X39: =+N26 -> 1.62 | Y39: =+SUM(G39:L39) -> 801.27756 | Z39: =+SUMPRODUCT(G39:L39,(M39:R39))/Y39 -> 0.648 | AA39: 0.34974227
B43: Laguna Seca Línea 2 | J43: Recuperación Acumulada Cu (%) | P43: Recuperación GyZ Cu (%) | V43: Cu
B44: Tiempo de residencia en planta: 35,3 minutos | J44: C0 | K44: C1 | L44: C2 | M44: C3 | N44: C4 | O44: C5 | P44: C0 | Q44: C1 | R44: C2 | S44: C3 | T44: C4 | U44: C5 | V44: R∞ | W44: K
B45: Tiempo equivalente en laboratorio: 7,8 minutos | P45: 0 | Q45: =+D6 -> 0.5 | R45: =+D7 -> 1.5 | S45: =+D8 -> 3.5 | T45: =+D9 -> 11.5 | U45: =+D10 -> 27.5
B46: Factor de escala: | D46: 35,3/7,8≈ 4,5 | J46: 0 | K46: =+K6 -> 35.531947 | L46: =+K7 -> 47.443422 | M46: =+K8 -> 57.119268 | N46: =+K9 -> 80.313716 | O46: =+K10 -> 88.480416 | P46: 0 | Q46: 17.907253 | R46: 43.582681 | S46: 70.308775 | T46: 87.992805 | U46: 88.480065 | V46: 88.480416 | W46: 0.45226259
J47: 0 | K47: =+K21 -> 36.872449 | L47: =+K22 -> 52.821592 | M47: =+K23 -> 66.144826 | N47: =+K24 -> 82.092057 | O47: =+K25 -> 88.737554 | P47: 0 | Q47: 23.097529 | R47: 52.821277 | S47: 77.984385 | T47: 88.651153 | U47: 88.737548 | V47: 88.737554 | W47: 0.60299506
B48: Según el muestreo cinético realizado por Empírica en julio de 2023 en las plantas concentradoras de Minera Escondida
B49: —incluyendo Los Colorados, Laguna Seca Línea 1 y Laguna Seca Línea 2— se determinó que los tiempos de residencia en planta son:
B51: Planta | C51: Tiempo residencia (min)
B52: Los Colorados | C52: 34
B53: Laguna Seca 1 | C53: 34.3
B54: Laguna Seca 2 | C54: 35.3
B56: Planta | C56: K planta (1/s) | D56: K lab (1/s) | E56: Relación Klab / Kplanta
B57: Los Colorados | C57: 0.07 | D57: 0.6 | E57: 8,6 veces
B58: Laguna Seca 1 | C58: 0.1 | D58: 0.38 | E58: 3,8 veces
B59: Laguna Seca 2 | C59: 0.08 | D59: 0.38 | E59: 4,75 veces
B61: Se estima:
B62: Planta | C62: Tiempo disponible (min) | D62: K mínimo Lab
B63: Los Colorados | C63: 34 | D63: 0,758 (1/s)
B64: Laguna Seca 1 | C64: 34.3 | D64: 0,332 (1/s)
B65: Laguna Seca 2 | C65: 35.3 | D65: 0,403 (1/s)

Sheet 15. Remolienda
A1: Producto Remolienda Conc. Condición #1 | P1: Producto Remolienda Conc. Condición #2
A4: Prueba: Etapa Remolienda Concentrado Rougher Condición #1 | P4: Prueba: Etapa Remolienda Concentrado Rougher Condición #2
D12: ASTM # | E12: Abertura (µm) | F12: Masa (gr) | G12: Ret.Parcial (%) | H12: Pasante Experimental (%) | I12: Pasante Modelado (%) | J12: Pasante Modelado Referencia (%) | S12: ASTM # | T12: Abertura, µm | U12: Masa, gr | V12: Ret.Parcial, % | W12: Pasante Experimental, % | X12: Pasante Modelado, %
D13: 50 | E13: 300 | F13: 0 | G13: =F13/$F$25*100 -> 0 | H13: =100-G13 -> 100 | I13: 100 | J13: 100 | S13: 50 | T13: 300 | U13: 0 | V13: =U13/$F$25*100 -> 0 | W13: =100-V13 -> 100 | X13: 100
D14: 70 | E14: 212 | F14: 0.6 | G14: =F14/$F$25*100 -> 0.19913707 | H14: =H13-G14 -> 99.800863 | I14: 99.615859 | J14: 99.962382 | S14: 70 | T14: 212 | U14: 1.2 | V14: =U14/$F$25*100 -> 0.39827415 | W14: =W13-V14 -> 99.601726 | X14: 99.710135
D15: 80 | E15: 180 | F15: 3.2 | G15: =F15/$F$25*100 -> 1.0620644 | H15: =H14-G15 -> 98.738799 | I15: 98.480485 | J15: 99.826217 | S15: 80 | T15: 180 | U15: 1.5 | V15: =U15/$F$25*100 -> 0.49784268 | W15: =W14-V15 -> 99.103883 | X15: 99.212435
D16: 100 | E16: 150 | F16: 7.6 | G16: =F16/$F$25*100 -> 2.5224029 | H16: =H15-G16 -> 96.216396 | I16: 96.762676 | J16: 99.436632 | S16: 100 | T16: 150 | U16: 2 | V16: =U16/$F$25*100 -> 0.66379024 | W16: =W15-V16 -> 98.440093 | X16: 98.339991
D17: 140 | E17: 106 | F17: 10.4 | G17: =F17/$F$25*100 -> 3.4517093 | H17: =H16-G17 -> 92.764686 | I17: 92.694149 | J17: 97.41991 | S17: 140 | T17: 106 | U17: 6.4 | V17: =U17/$F$25*100 -> 2.1241288 | W17: =W16-V17 -> 96.315964 | X17: 95.739144
D18: 200 | E18: 75 | F18: 14 | G18: =F18/$F$25*100 -> 4.6465317 | H18: =H17-G18 -> 88.118155 | I18: 88.068296 | J18: 92.785976 | S18: 200 | T18: 75 | U18: 10.6 | V18: =U18/$F$25*100 -> 3.5180883 | W18: =W17-V18 -> 92.797876 | X18: 92.003189
D19: 270 | E19: 53 | F19: 13.6 | G19: =F19/$F$25*100 -> 4.5137736 | H19: =H18-G19 -> 83.604381 | I19: 83.19862 | J19: 84.830145 | S19: 270 | T19: 53 | U19: 12.9 | V19: =U19/$F$25*100 -> 4.2814471 | W19: =W18-V19 -> 88.516429 | X19: 87.304289
D20: 325 | E20: 45 | F20: 8.7 | G20: =F20/$F$25*100 -> 2.8874876 | H20: =H19-G20 -> 80.716893 | I20: 80.890291 | J20: 80 | S20: 325 | T20: 45 | U20: 7.1 | V20: =U20/$F$25*100 -> 2.3564554 | W20: =W19-V20 -> 86.159973 | X20: 84.835095
D21: 400 | E21: 38 | F21: 7.2 | G21: =F21/$F$25*100 -> 2.3896449 | H21: =H20-G21 -> 78.327249 | I21: 78.520958 | J21: 74.453734 | S21: 400 | T21: 38 | U21: 8.8 | V21: =U21/$F$25*100 -> 2.9206771 | W21: =W20-V21 -> 83.239296 | X21: 82.155998
D22: 500 | E22: 25 | F22: 16.5 | G22: =F22/$F$25*100 -> 5.4762695 | H22: =H21-G22 -> 72.850979 | I22: 72.804764 | J22: 59.55254 | S22: 500 | T22: 25 | U22: 17.8 | V22: =U22/$F$25*100 -> 5.9077332 | W22: =W21-V22 -> 77.331563 | X22: 75.16988
D23: 635 | E23: 20 | F23: 9 | G23: =F23/$F$25*100 -> 2.9870561 | H23: =H22-G23 -> 69.863923 | I23: 69.882366 | J23: 51.730651 | S23: 635 | T23: 20 | U23: 10.2 | V23: =U23/$F$25*100 -> 3.3853302 | W23: =W22-V23 -> 73.946233 | X23: 71.361755
D24: -635 | E24: 0 | F24: 210.5 | G24: =F24/$F$25*100 -> 69.863923 | H24: =H23-G24 -> 0 | I24: 0 | J24: 0 | S24: -635 | T24: 0 | U24: 197 | V24: =U24/$F$25*100 -> 65.383339 | W24: =W23-V24 -> 8.5628941 | X24: 0
E25: Total | F25: =SUM(F13:F24) -> 301.3 | G25: =SUM(G13:G24) -> 100 | T25: Total | U25: =SUM(U13:U24) -> 275.5 | V25: =SUM(V13:V24) -> 91.437106
I27: Aminpro | J27: Referencia | X27: Swebrec
H28: P100, µm | I28: 236.36017 | J28: 290 | W28: P100, µm | X28: 281.67195
H29: P80, µm | I29: 42.238113 | J29: 45 | W29: P80, µm | X29: 33.310526
H30: P50, µm | I30: 3.1697205 | J30: 19 | W30: P50, µm | X30: 5.1643918
M32: Desv. | N32: =SUMXMY2(H13:H24,I13:I24) -> 0.64154483 | AB32: Desv. | AC32: =SUMXMY2(W13:W24,X13:X24) -> 90.071483

Sheet 16. Pilotaje Cleaner
B2: Pilotaje Cleaner
B29: Condición #1
C31: Cu Cond. 1 | H31: Fe
C32: 45901 | D32: 45902 | E32: 45902 | F32: 45903 | G32: Promedio | H32: 45901 | I32: 45902 | J32: 45902 | K32: 45903 | L32: Promedio
C33: Noche | D33: Día | E33: Noche | F33: Día | H33: Noche | I33: Día | J33: Noche | K33: Día
B34: Alim. 1° Cl | C34: 4.55 | D34: 3.983 | E34: 4.637 | F34: 4.671 | G34: =AVERAGE(C34:F34) -> 4.46025 | H34: 6.21 | I34: 5.69 | J34: 7.25 | K34: 6.85 | L34: =AVERAGE(H34:K34) -> 6.5
B35: Conc. 1° Cl | C35: 20.99 | D35: 23.34 | E35: 24.03 | F35: 22.36 | G35: =AVERAGE(C35:F35) -> 22.68 | H35: 16.1 | I35: 17.3 | J35: 20.6 | K35: 19.6 | L35: =AVERAGE(H35:K35) -> 18.4
B36: Cola 1° Cl | C36: 3.29 | D36: 1.9 | E36: 2.813 | F36: 2.688 | G36: =AVERAGE(C36:F36) -> 2.67275 | H36: 7.26 | I36: 5.35 | J36: 6.81 | K36: 6.9 | L36: =AVERAGE(H36:K36) -> 6.58
B37: Alim. SCV | C37: 2.135 | D37: 2.973 | E37: 3.976 | F37: 4.465 | G37: =AVERAGE(C37:F37) -> 3.38725 | H37: 5.82 | I37: 8.32 | J37: 9.24 | K37: 8.59 | L37: =AVERAGE(H37:K37) -> 7.9925
B38: Conc. SCV | C38: 4.568 | D38: 3.952 | E38: 4.61 | F38: 5.78 | G38: =AVERAGE(C38:F38) -> 4.7275 | H38: 9.02 | I38: 11.6 | J38: 9.81 | K38: 9.67 | L38: =AVERAGE(H38:K38) -> 10.025
B39: Conc. Cl-SCV | C39: 17.55 | D39: 14.98 | E39: 15.2 | F39: 15.03 | G39: =AVERAGE(C39:F39) -> 15.69 | H39: 19.6 | I39: 18.5 | J39: 20.8 | K39: 15.6 | L39: =AVERAGE(H39:K39) -> 18.625
B40: Cola Cl-SCV | C40: 4.552 | D40: 4.865 | E40: 5.19 | F40: 4.966 | G40: =AVERAGE(C40:F40) -> 4.89325 | H40: 9.98 | I40: 13.9 | J40: 12.7 | K40: 9.83 | L40: =AVERAGE(H40:K40) -> 11.6025
B41: Cola SCV | C41: 0.226 | D41: 0.253 | E41: 0.228 | F41: 0.234 | G41: =AVERAGE(C41:F41) -> 0.23525 | H41: 3.5 | I41: 2.92 | J41: 2.61 | K41: 2.63 | L41: =AVERAGE(H41:K41) -> 2.915
B43: RE 1° Cl | C43: =+C35/C34 -> 4.6131868 | D43: =+D35/D34 -> 5.8599046 | E43: =+E35/E34 -> 5.1822299 | F43: =+F35/F34 -> 4.7869835 | G43: =AVERAGE(C43:F43) -> 5.1105762 | H43: =+H35/H34 -> 2.5925926 | I43: =+I35/I34 -> 3.0404218 | J43: =+J35/J34 -> 2.8413793 | K43: =+K35/K34 -> 2.8613139 | L43: =AVERAGE(H43:K43) -> 2.8339269
B44: RE Cl-SCV | C44: =+C39/C38 -> 3.841944 | D44: =+D39/D38 -> 3.7904858 | E44: =+E39/E38 -> 3.29718 | F44: =+F39/F38 -> 2.600346 | G44: =AVERAGE(C44:F44) -> 3.382489 | H44: =+H39/H38 -> 2.172949 | I44: =+I39/I38 -> 1.5948276 | J44: =+J39/J38 -> 2.1202854 | K44: =+K39/K38 -> 1.6132368 | L44: =AVERAGE(H44:K44) -> 1.8753247
B46: Rp | C46: =+(C34-C41)/(C39-C41)*100 -> 24.959594 | D46: =+(D34-D41)/(D39-D41)*100 -> 25.32763 | E46: =+(E34-E41)/(E39-E41)*100 -> 29.448303 | F46: =+(F34-F41)/(F39-F41)*100 -> 29.987835 | G46: =AVERAGE(C46:F46) -> 27.43084 | H46: =+(H34-H41)/(H39-H41)*100 -> 16.832298 | I46: =+(I34-I41)/(I39-I41)*100 -> 17.779204 | J46: =+(J34-J41)/(J39-J41)*100 -> 25.508521 | K46: =+(K34-K41)/(K39-K41)*100 -> 32.536623 | L46: =AVERAGE(H46:K46) -> 23.164162
B47: RE | C47: =C39/C34 -> 3.8571429 | D47: =D39/D34 -> 3.7609842 | E47: =E39/E34 -> 3.2779815 | F47: =F39/F34 -> 3.2177264 | G47: =AVERAGE(C47:F47) -> 3.5284587 | H47: =H39/H34 -> 3.1561997 | I47: =I39/I34 -> 3.2513181 | J47: =J39/J34 -> 2.8689655 | K47: =K39/K34 -> 2.2773723 | L47: =AVERAGE(H47:K47) -> 2.8884639
B49: Rec Ro | C49: =+AVERAGE('13. Pilotaje Rougher'!$K$20:$K$36) -> 79.807494 | D49: =+AVERAGE('13. Pilotaje Rougher'!$K$20:$K$36) -> 79.807494 | F49: =+AVERAGE('13. Pilotaje Rougher'!$K$20:$K$36) -> 79.807494 | G49: =AVERAGE(C49:F49) -> 79.807494 | H49: =+AVERAGE('13. Pilotaje Rougher'!$K$20:$K$36) -> 79.807494 | I49: =+AVERAGE('13. Pilotaje Rougher'!$K$20:$K$36) -> 79.807494 | J49: =+AVERAGE('13. Pilotaje Rougher'!$K$20:$K$36) -> 79.807494 | K49: =+AVERAGE('13. Pilotaje Rougher'!$K$20:$K$36) -> 79.807494 | L49: =AVERAGE(H49:K49) -> 79.807494
B50: Rec Cleaner | C50: =+C46*C47 -> 96.272718 | D50: =+D46*D47 -> 95.256814 | E50: =+E46*E47 -> 96.530993 | F50: =+F46*F47 -> 96.492647 | G50: =AVERAGE(C50:F50) -> 96.138293 | H50: =+H46*H47 -> 53.126094 | I50: =+I46*I47 -> 57.805848 | J50: =+J46*J47 -> 73.183068 | K50: =+K46*K47 -> 74.098003 | L50: =AVERAGE(H50:K50) -> 64.553253
B51: Rec Global | C51: =+C50*C49/100 -> 76.832843 | D51: =+D50*D49/100 -> 76.022076 | E51: =+E50*E49/100 -> #VALUE! | F51: =+F50*F49/100 -> 77.008363 | G51: =AVERAGE(C51:F51) -> #VALUE! | H51: =+H50*H49/100 -> 42.398604 | I51: =+I50*I49/100 -> 46.133399 | J51: =+J50*J49/100 -> 58.405572 | K51: =+K50*K49/100 -> 59.135759 | L51: =AVERAGE(H51:K51) -> 51.518333
B52: Rp Global | C52: =+(0.68-(AVERAGE(C41,0.15)))/((AVERAGE(C35,C39))-(AVERAGE(C41,0.15)))*100 -> 2.5783461 | D52: =+(0.68-(AVERAGE(D41,0.15)))/((AVERAGE(D35,D39))-(AVERAGE(D41,0.15)))*100 -> 2.5239339 | E52: =+(0.68-(AVERAGE(E41,0.15)))/((AVERAGE(E35,E39))-(AVERAGE(E41,0.15)))*100 -> 2.5275404 | F52: =+(0.68-(AVERAGE(F41,0.15)))/((AVERAGE(F35,F39))-(AVERAGE(F41,0.15)))*100 -> 2.6374101 | G52: =AVERAGE(C52:F52) -> 2.5668076 | H52: =+(2.32-(AVERAGE(H41,0.15)))/((AVERAGE(H35,H39))-(AVERAGE(H41,0.15)))*100 -> 3.0889236 | I52: =+(2.32-(AVERAGE(I41,0.15)))/((AVERAGE(I35,I39))-(AVERAGE(I41,0.15)))*100 -> 4.7968225 | J52: =+(2.32-(AVERAGE(J41,0.15)))/((AVERAGE(J35,J39))-(AVERAGE(J41,0.15)))*100 -> 4.8654244 | K52: =+(2.32-(AVERAGE(K41,0.15)))/((AVERAGE(K35,K39))-(AVERAGE(K41,0.15)))*100 -> 5.7371993 | L52: =AVERAGE(H52:K52) -> 4.6220924
B54: Ley Conc Final | C54: =+AVERAGE(C35,C39) -> 19.27 | F54: =+AVERAGE(F35,F39) -> 18.695 | G54: =AVERAGE(C54:F54) -> 18.9825
B55: Rec Scavenger | C55: =C38*(C37-C41)/(C37*(C38-C41))*100 -> 94.068523 | F55: =F38*(F37-F41)/(F37*(F38-F41))*100 -> 98.757374
B56: Rec 1° Limpieza | C56: =C35*(C34-C36)/(C34*(C35-C36))*100 -> 32.839635 | F56: =F35*(F34-F36)/(F34*(F35-F36))*100 -> 48.254312
B57: Rec Cl-Scv | C57: =C39*(C38-C40)/(C38*(C39-C40))*100 -> 0.4729274 | F57: =F39*(F38-F40)/(F38*(F39-F40))*100 -> 21.03221
B60: Condición #2
C62: Cu Cond. 2 | J62: Fe
C63: 45922 | D63: 45922 | E63: 45923 | F63: 45923 | G63: 45924 | H63: 45925 | I63: Promedio | J63: 45922 | K63: 45922 | L63: 45923 | M63: 45923 | N63: 45924 | O63: 45925 | P63: Promedio
C64: Día | D64: Noche | E64: Día | F64: Noche | G64: Día | H64: Noche | J64: Día | K64: Noche | L64: Día | M64: Noche | N64: Día | O64: Noche
B65: Alim. 1° Cl | C65: 2.296 | D65: 2.284 | E65: 2.857 | F65: 1.785 | G65: 2.64 | H65: 1.89 | I65: =+AVERAGE(C65:D65,F65,H65) -> 2.06375 | J65: 5.56 | K65: 5.21 | L65: 8.43 | M65: 5.29 | N65: 7.01 | O65: 4.9 | P65: =+AVERAGE(J65,M65:N65) -> 5.9533333
B66: Conc. 1° Cl | C66: 25.77 | D66: 23.75 | E66: 19.13 | F66: 23.84 | G66: 26.16 | H66: 18.72 | I66: =+AVERAGE(C66:D66,F66,H66) -> 23.02 | J66: 17.1 | K66: 16.9 | L66: 28 | M66: 20.6 | N66: 24.5 | O66: 27.1 | P66: =+AVERAGE(J66,M66:N66) -> 20.733333
B67: Cola 1° Cl | C67: 1.685 | D67: 1.069 | E67: 0.86 | F67: 0.699 | G67: 1.27 | H67: 0.78 | I67: =+AVERAGE(C67:D67,F67,H67) -> 1.05825 | J67: 6.15 | K67: 5.99 | L67: 4.33 | M67: 4.59 | N67: 4.54 | O67: 3.55 | P67: =+AVERAGE(J67,M67:N67) -> 5.0933333
B68: Alim. SCV | C68: 2.085 | D68: 1.512 | E68: 2.128 | F68: 1.982 | G68: 1.81 | H68: 1.33 | I68: =+AVERAGE(C68:D68,F68,H68) -> 1.72725 | J68: 6.33 | K68: 6.43 | L68: 9.24 | M68: 5.99 | N68: 6.28 | O68: 5.03 | P68: =+AVERAGE(J68,M68:N68) -> 6.2
B69: Conc. SCV | C69: 5.92 | D69: 5.31 | E69: 1.984 | F69: 3.843 | G69: 2.27 | H69: 2.45 | I69: =+AVERAGE(C69:D69,F69,H69) -> 4.38075 | J69: 10.3 | K69: 12.4 | L69: 5.98 | M69: 7.91 | N69: 5.77 | O69: 6.56 | P69: =+AVERAGE(J69,M69:N69) -> 7.9933333
B70: Conc. Cl-SCV | C70: 23.39 | D70: 9.83 | E70: 17.79 | F70: 15.93 | G70: 25.33 | H70: 16.71 | I70: =+AVERAGE(C70:D70,F70,H70) -> 16.465 | J70: 21.6 | K70: 12.4 | L70: 22.8 | M70: 19.4 | N70: 21.7 | O70: 18 | P70: =+AVERAGE(J70,M70:N70) -> 20.9
B71: Cola Cl-SCV | C71: 2.826 | D71: 3.22 | E71: 1.816 | F71: 2.53 | G71: 1.58 | H71: 1.605 | I71: =+AVERAGE(C71:D71,F71,H71) -> 2.54525 | J71: 7.32 | K71: 8.59 | L71: 6.68 | M71: 6.97 | N71: 2.6 | O71: 5.03 | P71: =+AVERAGE(J71,M71:N71) -> 5.63
B72: Cola SCV | C72: 0.154 | D72: 0.139 | E72: 0.258 | F72: 0.21 | G72: 0.12 | H72: 0.144 | I72: =+AVERAGE(C72:D72,F72,H72) -> 0.16175 | J72: 3.81 | K72: 4.07 | L72: 2.63 | M72: 3.22 | N72: 5.12 | O72: 2.38 | P72: =+AVERAGE(J72,M72:N72) -> 4.05
E73: 0.27 | G73: 2.6/0.22
B74: RE 1° Cl | C74: =+C66/C65 -> 11.223868 | D74: =+D66/D65 -> 10.398424 | E74: =+E66/E65 -> 6.6958348 | F74: =+F66/F65 -> 13.355742 | G74: =+G66/G65 -> 9.9090909 | H74: =+H66/H65 -> 9.9047619 | I74: =+AVERAGE(C74:D74,F74,H74) -> 11.220699 | J74: =+J66/J65 -> 3.0755396 | K74: =+K66/K65 -> 3.243762 | L74: =+L66/L65 -> 3.3214709 | M74: =+M66/M65 -> 3.8941399 | N74: =+N66/N65 -> 3.4950071 | O74: =+O66/O65 -> 5.5306122 | P74: =+AVERAGE(J74,M74:N74) -> 3.4882289
B75: RE Cl-SCV | C75: =+C70/C69 -> 3.9510135 | D75: =+D70/D69 -> 1.8512241 | E75: =+E70/E69 -> 8.9667339 | F75: =+F70/F69 -> 4.1451991 | G75: =+G70/G69 -> 11.15859 | H75: =+H70/H69 -> 6.8204082 | I75: =+AVERAGE(C75:D75,F75,H75) -> 4.1919612 | J75: =+J70/J69 -> 2.0970874 | K75: =+K70/K69 -> 1 | L75: =+L70/L69 -> 3.812709 | M75: =+M70/M69 -> 2.4525917 | N75: =+N70/N69 -> 3.7608319 | O75: =+O70/O69 -> 2.7439024 | P75: =+AVERAGE(J75,M75:N75) -> 2.7701703
B77: Rp | C77: =+(C65-C72)/(AVERAGE(C66,C70)-C72)*100 -> 8.7693441 | D77: =+(D65-D72)/(AVERAGE(D66,D70)-D72)*100 -> 12.882109 | E77: =+(E65-E72)/(AVERAGE(E66,E70)-E72)*100 -> 14.278651 | F77: =+(F65-F72)/(AVERAGE(F66,F70)-F72)*100 -> 8.0050826 | G77: =+(G65-G72)/(AVERAGE(G66,G70)-G72)*100 -> 9.8341463 | H77: =+(H65-H72)/(AVERAGE(H66,H70)-H72)*100 -> 9.9368277 | I77: =+AVERAGE(C77:D77,F77,H77) -> 9.8983409 | J77: =+(J65-J72)/(J70-J72)*100 -> 9.8369871 | K77: =+(K65-K72)/(K70-K72)*100 -> 13.685474 | L77: =+(L65-L72)/(L70-L72)*100 -> 28.755578 | M77: =+(M65-M72)/(M70-M72)*100 -> 12.793572 | N77: =+(N65-N72)/(N70-N72)*100 -> 11.399276 | O77: =+(O65-O72)/(O70-O72)*100 -> 16.133163 | P77: =+AVERAGE(J77,M77:N77) -> 11.343279
B78: RE | C78: =AVERAGE(C66,C70)/C65 -> 10.705575 | D78: =AVERAGE(D66,D70)/D65 -> 7.3511384 | E78: =AVERAGE(E66,E70)/E65 -> 6.4613231 | F78: =AVERAGE(F66,F70)/F65 -> 11.140056 | G78: =AVERAGE(G66,G70)/G65 -> 9.7518939 | H78: =AVERAGE(H66,H70)/H65 -> 9.3730159 | I78: =+AVERAGE(C78:D78,F78,H78) -> 9.6424463 | J78: =J70/J65 -> 3.8848921 | K78: =K70/K65 -> 2.3800384 | L78: =L70/L65 -> 2.7046263 | M78: =M70/M65 -> 3.6672968 | N78: =N70/N65 -> 3.0955777 | O78: =O70/O65 -> 3.6734694 | P78: =+AVERAGE(J78,M78:N78) -> 3.5492555
B80: Rec Ro | C80: =+AVERAGE('13. Pilotaje Rougher'!$K$37:$K$52) -> 84.376281 | D80: =+AVERAGE('13. Pilotaje Rougher'!$K$37:$K$52) -> 84.376281 | E80: =+AVERAGE('13. Pilotaje Rougher'!$K$37:$K$52) -> 84.376281 | F80: =+AVERAGE('13. Pilotaje Rougher'!$K$37:$K$52) -> 84.376281 | G80: =+AVERAGE('13. Pilotaje Rougher'!$K$37:$K$52) -> 84.376281 | H80: =+AVERAGE('13. Pilotaje Rougher'!$K$37:$K$52) -> 84.376281 | I80: =+AVERAGE(C80:D80,F80,H80) -> 84.376281 | J80: =+AVERAGE('13. Pilotaje Rougher'!$K$37:$K$52) -> 84.376281 | K80: =+AVERAGE('13. Pilotaje Rougher'!$K$37:$K$52) -> 84.376281 | L80: =+AVERAGE('13. Pilotaje Rougher'!$K$37:$K$52) -> 84.376281 | M80: =+AVERAGE('13. Pilotaje Rougher'!$K$37:$K$52) -> 84.376281 | N80: =+AVERAGE('13. Pilotaje Rougher'!$K$37:$K$52) -> 84.376281 | O80: =+AVERAGE('13. Pilotaje Rougher'!$K$37:$K$52) -> 84.376281 | P80: =AVERAGE(J80:O80) -> 84.376281
B81: Rec Cleaner | C81: =+C77*C78 -> 93.880871 | D81: =+D77*D78 -> 94.698167 | E81: =+E77*E78 -> 92.258975 | F81: =+F77*F78 -> 89.177069 | G81: =+G77*G78 -> 95.901552 | H81: =+H77*H78 -> 93.138044 | I81: =+AVERAGE(C81:D81,F81,H81) -> 92.723538 | J81: =+J77*J78 -> 38.215633 | K81: =+K77*K78 -> 32.571954 | L81: =+L77*L78 -> 77.773092 | M81: =+M77*M78 -> 46.917827 | N81: =+N77*N78 -> 35.287346 | O81: =+O77*O78 -> 59.264679 | P81: =+AVERAGE(J81,M81:N81) -> 40.140269
B82: Rec Global | C82: =+C81*C80/100 -> 79.213188 | D82: =+D81*D80/100 -> 79.902792 | E82: =+E81*E80/100 -> 77.844692 | F82: =+F81*F80/100 -> 75.244294 | G82: =+G81*G80/100 -> 80.918163 | H82: =+H81*H80/100 -> 78.586418 | I82: =+AVERAGE(C82:D82,F82,H82) -> 78.236673 | J82: =+J81*J80/100 -> 32.24493 | K82: =+K81*K80/100 -> 27.483004 | L82: =+L81*L80/100 -> 65.622043 | M82: =+M81*M80/100 -> 39.587517 | N82: =+N81*N80/100 -> 29.77415 | O82: =+O81*O80/100 -> 50.005332 | P82: =+AVERAGE(J82,M82:N82) -> 33.868866
B83: Rp Global | C83: =+(0.68-(AVERAGE(C72,0.13)))/((AVERAGE(C66,C70))-(AVERAGE(C72,0.13)))*100 -> 2.2014895 | D83: =+(0.68-(AVERAGE(D72,0.13)))/((AVERAGE(D66,D70))-(AVERAGE(D72,0.13)))*100 -> 3.2751944 | E83: =+(0.68-(AVERAGE(E72,0.13)))/((AVERAGE(E66,E70))-(AVERAGE(E72,0.13)))*100 -> 2.660681 | F83: =+(0.68-(AVERAGE(F72,0.13)))/((AVERAGE(F66,F70))-(AVERAGE(F72,0.13)))*100 -> 2.5868628 | G83: =+(0.68-(AVERAGE(G72,0.13)))/((AVERAGE(G66,G70))-(AVERAGE(G72,0.13)))*100 -> 2.1662763 | H83: =+(0.68-(AVERAGE(H72,0.13)))/((AVERAGE(H66,H70))-(AVERAGE(H72,0.13)))*100 -> 3.0890886 | I83: =+(0.68-(AVERAGE(I72,0.13)))/((AVERAGE(I66,I70))-(AVERAGE(I72,0.13)))*100 -> 2.7255969 | J83: =+(0.68-(AVERAGE(J72,0.13)))/((AVERAGE(J66,J70))-(AVERAGE(J72,0.13)))*100 -> -7.4223245 | ... P83: =+(0.68-(AVERAGE(P72,0.13)))/((AVERAGE(P66,P70))-(AVERAGE(P72,0.13)))*100 -> -7.5293699
C85: OK | D85: OK | E85: problemas columnas | G85: problemas columnas
E86: leyes más bajas | G86: leyes más bajas
E87: L-150 | G87: L-150
B89: Ley Conc Final | C89: =+AVERAGE(C66,C70) -> 24.58 | D89: =+AVERAGE(D66,D70) -> 16.79 | F89: =+AVERAGE(F66,F70) -> 19.885 | H89: =+AVERAGE(H66,H70) -> 17.715 | I89: =+AVERAGE(C89:H89) -> 19.7425
B90: Rec Scavenger | C90: =C69*(C68-C72)/(C68*(C69-C72))*100 -> 95.087468 | D90: =D69*(D68-D72)/(D68*(D69-D72))*100 -> 93.247829 | F90: =F69*(F68-F72)/(F68*(F69-F72))*100 -> 94.57254 | H90: =H69*(H68-H72)/(H68*(H69-H72))*100 -> 94.741407
B91: Rec 1° Limpieza | C91: =C66*(C65-C67)/(C65*(C66-C67))*100 -> 28.473253 | D91: =D66*(D65-D67)/(D65*(D66-D67))*100 -> 55.703386 | F91: =F66*(F65-F67)/(F65*(F66-F67))*100 -> 62.678087 | H91: =H66*(H65-H67)/(H65*(H66-H67))*100 -> 61.283644
B92: Rec Cl-Scv | C92: =C70*(C69-C71)/(C69*(C70-C71))*100 -> 59.445807 | D92: =D70*(D69-D71)/(D69*(D70-D71))*100 -> 58.53341 | F92: =F70*(F69-F71)/(F69*(F70-F71))*100 -> 40.616764 | H92: =H70*(H69-H71)/(H69*(H70-H71))*100 -> 38.154551
C93: Cu | E93: Fe
C94: Promedio | E94: Promedio
C95: #1 | D95: #2 | E95: #1 | F95: #2 | J95: Cond. #1 | K95: Cond. #2
B96: Alim. 1° Cl | C96: =+AVERAGE(C34,F34) -> 4.6105 | D96: =+I65 -> 2.06375 | E96: 4.55 | F96: 3.983 | I96: Alim. Ro | J96: =+AVERAGE('13. Pilotaje Rougher'!$F$20:$F$36) -> 0.67582353 | K96: =+AVERAGE('13. Pilotaje Rougher'!$F$37:$F$52) -> 0.6816875
B97: Conc. 1° Cl | C97: =+AVERAGE(C35,F35) -> 21.675 | D97: =+I66 -> 23.02 | E97: 20.99 | F97: 23.34 | I97: Cola Ro | J97: =+AVERAGE('13. Pilotaje Rougher'!$G$20:$G$36) -> 0.15441176 | K97: =+AVERAGE('13. Pilotaje Rougher'!$G$37:$G$52) -> 0.1315
B98: Cola 1° Cl | C98: =+AVERAGE(C36,F36) -> 2.989 | D98: =+I67 -> 1.05825 | E98: 3.29 | F98: 1.9 | I98: Conc. Ro | J98: =+AVERAGE('13. Pilotaje Rougher'!$H$20:$H$36) -> 5.1583529 | K98: =+AVERAGE('13. Pilotaje Rougher'!$H$37:$H$52) -> 3.21325
B99: Alim. SCV | C99: =+AVERAGE(C37,F37) -> 3.3 | D99: =+I68 -> 1.72725 | E99: 2.135 | F99: 2.973 | I99: =B96 -> Alim. 1° Cl | J99: =C96 -> 4.6105 | K99: =D96 -> 2.06375
B100: Conc. SCV | C100: =+AVERAGE(C38,F38) -> 5.174 | D100: =+I69 -> 4.38075 | E100: 4.568 | F100: 3.952 | I100: =B97 -> Conc. 1° Cl | J100: =C97 -> 21.675 | K100: =D97 -> 23.02
B101: Conc. Cl-SCV | C101: =+AVERAGE(C39,F39) -> 16.29 | D101: =+I70 -> 16.465 | E101: 17.55 | F101: 14.98 | I101: =B101 -> Conc. Cl-SCV | J101: =C101 -> 16.29 | K101: =D101 -> 16.465
B102: Cola Cl-SCV | C102: =+AVERAGE(C40,F40) -> 4.759 | D102: =+I71 -> 2.54525 | E102: 4.552 | F102: 4.865 | I102: =B103 -> Cola SCV | J102: =C103 -> 0.23 | K102: =D103 -> 0.16175
B103: Cola SCV | C103: =+AVERAGE(C41,F41) -> 0.23 | D103: =+I72 -> 0.16175 | E103: 0.226 | F103: 0.253 | I103: Conc. Final | J103: =+AVERAGE(J100:J101) -> 18.9825 | K103: =+AVERAGE(K100:K101) -> 19.7425
B105: RE 1° Cl | C105: =+C97/C96 -> 4.7012255 | D105: =+D97/D96 -> 11.154452 | E105: =+E97/E96 -> 4.6131868 | F105: =+F97/F96 -> 5.8599046 | I105: =B111 -> Rec Ro | J105: =C111 -> 79.807494 | K105: =D111 -> 84.376281
B106: RE Cl-SCV | C106: =+C101/C100 -> 3.1484345 | D106: =+D101/D100 -> 3.7584888 | E106: =+E101/E100 -> 3.841944 | F106: =+F101/F100 -> 3.7904858 | I106: =B112 -> Rec Cleaner | J106: =C112 -> 96.372073 | K106: =D112 -> 93.076699
I107: =B113 -> Rec Global | J107: =C113 -> 76.912136 | K107: =D113 -> 78.534658
B108: Rp | C108: =+(C96-C103)/(C101-C103)*100 -> 27.275841 | D108: =+(D96-D103)/(D101-D103)*100 -> 11.666386 | E108: =+(E96-E103)/(E101-E103)*100 -> 24.959594 | F108: =+(F96-F103)/(F101-F103)*100 -> 25.32763 | I108: =B114 -> Rp Global | J108: =C114 -> 2.6074232 | K108: =D114 -> 2.6759332
B109: RE | C109: =C101/C96 -> 3.5332393 | D109: =D101/D96 -> 7.978195 | E109: =E101/E96 -> 3.8571429 | F109: =F101/F96 -> 3.7609842
B111: Rec Ro | C111: =+AVERAGE('13. Pilotaje Rougher'!$K$20:$K$36) -> 79.807494 | D111: =+AVERAGE('13. Pilotaje Rougher'!$K$37:$K$52) -> 84.376281 | E111: =+AVERAGE('13. Pilotaje Rougher'!$K$20:$K$36) -> 79.807494 | F111: =+AVERAGE('13. Pilotaje Rougher'!$K$20:$K$36) -> 79.807494
B112: Rec Cleaner | C112: =+C108*C109 -> 96.372073 | D112: =+D108*D109 -> 93.076699 | E112: =+E108*E109 -> 96.272718 | F112: =+F108*F109 -> 95.256814
B113: Rec Global | C113: =+C112*C111/100 -> 76.912136 | D113: =+D112*D111/100 -> 78.534658 | E113: =+E112*E111/100 -> 76.832843 | F113: =+F112*F111/100 -> 76.022076
B114: Rp Global | C114: =+(0.68-(AVERAGE(C103,0.15)))/((AVERAGE(C97,C101))-(AVERAGE(C103,0.15)))*100 -> 2.6074232 | D114: =+(0.68-(AVERAGE(D103,0.15)))/((AVERAGE(D97,D101))-(AVERAGE(D103,0.15)))*100 -> 2.6759332 | E114: =+(0.68-(AVERAGE(E103,0.15)))/((AVERAGE(E97,E101))-(AVERAGE(E103,0.15)))*100 -> 2.5783461 | F114: =+(0.68-(AVERAGE(F103,0.15)))/((AVERAGE(F97,F101))-(AVERAGE(F103,0.15)))*100 -> 2.5239339
C119: Alim. 1° Cl | D119: Conc. 1° Cl | E119: Cola 1° Cl | F119: Alim. SCV | G119: Conc. SCV | H119: Conc. Cl-SCV | I119: Cola Cl-SCV | J119: Cola SCV | K119: RE 1° Cl | L119: RE Cl-SCV | M119: RE | N119: Rp Cleaner | O119: Rp Global | P119: Rec Cleaner | Q119: Rec Global | R119: Rec Scavenger | S119: Ley Conc Final
B120: Cond. 1 | C120: 4.55 | D120: 20.99 | E120: 3.29 | F120: 2.135 | G120: 4.568 | H120: 17.55 | I120: 4.552 | J120: 0.226 | K120: 4.6131868 | L120: 3.841944 | M120: 3.8571429 | N120: 24.959594 | O120: 2.5783461 | P120: 96.272718 | Q120: 76.832843 | R120: 94.068523 | S120: =+AVERAGE(D120,H120) -> 19.27
B121: Cond. 1 | C121: 4.671 | D121: 22.36 | E121: 2.688 | F121: 4.465 | G121: 5.78 | H121: 15.03 | I121: 4.966 | J121: 0.234 | K121: 4.7869835 | L121: 2.600346 | M121: 3.2177264 | N121: 29.987835 | O121: 2.6374101 | P121: 96.492647 | Q121: 77.008363 | R121: 98.757374 | S121: =+AVERAGE(D121,H121) -> 18.695
B122: Cond. 2 | C122: 2.296 | D122: 25.77 | E122: 1.685 | F122: 2.085 | G122: 5.92 | H122: 23.39 | I122: 2.826 | J122: 0.154 | K122: 11.223868 | L122: 3.9510135 | M122: 10.705575 | N122: 8.7693441 | O122: 2.2014895 | P122: 93.880871 | Q122: 79.213188 | R122: 80.150649 | S122: =+AVERAGE(D122,H122) -> 24.58
B123: Cond. 2 | C123: 2.284 | D123: 23.75 | E123: 1.069 | F123: 1.512 | G123: 5.31 | H123: 9.83 | I123: 3.22 | J123: 0.139 | K123: 10.398424 | L123: 1.8512241 | M123: 7.3511384 | N123: 12.882109 | O123: 3.2751944 | P123: 94.698167 | Q123: 79.902792 | R123: 57.760576 | S123: =+AVERAGE(D123,H123) -> 16.79
B124: Cond. 2 | C124: 1.785 | D124: 23.84 | E124: 0.699 | F124: 1.982 | G124: 3.843 | H124: 15.93 | I124: 2.53 | J124: 0.21 | K124: 13.355742 | L124: 4.1451991 | M124: 11.140056 | N124: 8.0050826 | O124: 2.5868628 | P124: 89.177069 | Q124: 75.244294 | R124: 36.2706 | S124: =+AVERAGE(D124,H124) -> 19.885
B125: Cond. 2 | C125: 1.89 | D125: 18.72 | E125: 0.78 | F125: 1.33 | G125: 2.45 | H125: 16.71 | I125: 1.605 | J125: 0.144 | K125: 9.9047619 | L125: 6.8204082 | M125: 9.3730159 | N125: 9.9368277 | O125: 3.0890886 | P125: 93.138044 | Q125: 78.586418 | R125: 22.628472 | S125: =+AVERAGE(D125,H125) -> 17.715

Sheet 16.1 AQ CBase Cleaner #2
B2: Caso Base Etapa Cleaner
B3: Condición #1
B5: Turno noche 01-09-2025
C7: Cu % | G7: Fe %
B8: P80 | C8: Alimentación Cl | D8: Concentrado Cl | E8: Concentrado SCV | F8: Relave SCV | G8: Alimentación Cl | H8: Concentrado Cl | I8: Concentrado SCV | J8: Relave SCV
B9: 212 | E9: 8.83 | I9: 13.6
B10: 150 | C10: 3.716 | D10: 13.24 | E10: 9.91 | F10: 1.358 | G10: 14.4 | H10: 31.2 | I10: 17.3 | J10: 12.9
B11: 106 | C11: 5.59 | D11: 22.2 | E11: 9.9 | F11: 1.603 | G11: 18.8 | H11: 28.6 | I11: 19.9 | J11: 19.6
B12: 53 | C12: 5.58 | D12: 28.34 | E12: 11.04 | F12: 0.522 | G12: 17 | H12: 25.7 | I12: 21 | J12: 15.6
B13: 25 | C13: 4.639 | D13: 33.03 | E13: 12.08 | F13: 0.196 | G13: 10.4 | H13: 22.8 | I13: 20.7 | J13: 8.76
B14: -25 | C14: 1.566 | D14: 23.14 | E14: 3.278 | F14: 0.156 | G14: 2.92 | H14: 12.7 | I14: 5.87 | J14: 2.04
B19: Caso Base Etapa Cleaner
B20: Condición #2
B22: Turno día 22-09-2025
C24: Cu % | G24: Fe %
B25: P80 | C25: Alimentación Cl | D25: Concentrado Cl | E25: Concentrado SCV | F25: Relave SCV | G25: Alimentación Cl | H25: Concentrado Cl | I25: Concentrado SCV | J25: Relave SCV
B26: 212 | C26: 4.741 | D26: 11.12 | E26: 7.92 | F26: 1.326 | G26: 11.1 | H26: 26 | I26: 14.4 | J26: 9.02
B27: 150 | C27: 8.66 | D27: 16.79 | E27: 7.27 | F27: 0.894 | G27: 15.7 | H27: 25.8 | I27: 14.7 | J27: 18.1
B28: 106 | C28: 10.4 | D28: 20.58 | E28: 6.86 | F28: 0.632 | G28: 17.6 | H28: 25.3 | I28: 16.3 | J28: 20.9
B29: 53 | C29: 11.94 | D29: 25.58 | E29: 7.99 | F29: 0.363 | G29: 17 | H29: 24 | I29: 19.2 | J29: 15.1
B30: 25 | C30: 10.55 | D30: 30.17 | E30: 8.6 | F30: 0.242 | G30: 14.2 | H30: 22.6 | I30: 18.5 | J30: 8.9
B31: -25 | C31: 2.747 | D31: 16.26 | E31: 3.177 | F31: 0.249 | G31: 3.38 | H31: 9.49 | I31: 4.87 | J31: 1.99

Sheet 16.2 Cinéticas Cleaner
B2: Circuito Cleaner
B3: Condición #1 45 um
B5: Cinetica STD | C5: Tiempo, min | D5: Tiempo acumulado, min | E5: Masa seca, gr | F5: Masa húmeda, gr | G5: Cp, % | H5: Masa acumulada, gr | I5: Ley, Cu% | J5: Ley acumulada, Cu% | K5: Recuperación, Cu% | L5: Mass Pull, % | M5: Mass Pull acumulado, % | N5: Ley, Fe% | O5: Ley acumulada, Fe% | P5: Recuperación, Fe%
B6: Concentrado 1 | E6: 37.187839 | G6: =+E6/F6*100 -> #DIV/0! | H6: =E6 -> 37.187839 | I6: 12.7 | J6: =SUMPRODUCT(E6,I6)/H6 -> 12.7 | K6: =SUMPRODUCT(H6,J6)/SUMPRODUCT($H$12,$J$12)*100 -> 16.683161 | L6: =E6/$E$13*100 -> 6.6207192 | M6: =+L6 -> 6.6207192 | N6: 11.6 | O6: =SUMPRODUCT(E6,N6)/H6 -> 11.6 | P6: =SUMPRODUCT(H6,O6)/SUMPRODUCT($H$12,$O$12)*100 -> 9.5952284
B7: Concentrado 2 | E7: 14.915884 | G7: =+E7/F7*100 -> #DIV/0! | H7: =H6+E7 -> 52.103724 | I7: 12.97 | J7: =SUMPRODUCT(E6:E7,I6:I7)/H7 -> 12.777294 | K7: =SUMPRODUCT(H7,J7)/SUMPRODUCT($H$12,$J$12)*100 -> 23.516968 | L7: =E7/$E$13*100 -> 2.6555424 | M7: =+M6+L7 -> 9.2762615 | N7: 12 | O7: =SUMPRODUCT(E6:E7,N6:N7)/H7 -> 11.714509 | P7: =SUMPRODUCT(H7,O7)/SUMPRODUCT($H$12,$O$12)*100 -> 13.576544
B8: Concentrado 3 | E8: 24.194871 | G8: =+E8/F8*100 -> #DIV/0! | H8: =H7+E8 -> 76.298595 | I8: 13.24 | J8: =SUMPRODUCT(E6:E8,I6:I8)/H8 -> 12.924021 | K8: =SUMPRODUCT(H8,J8)/SUMPRODUCT($H$12,$J$12)*100 -> 34.83276 | L8: =E8/$E$13*100 -> 4.3075223 | M8: =+M7+L8 -> 13.583784 | N8: 12.2 | O8: =SUMPRODUCT(E6:E8,N6:N8)/H8 -> 11.868462 | P8: =SUMPRODUCT(H8,O8)/SUMPRODUCT($H$12,$O$12)*100 -> 20.142222
B9: Concentrado 4 | E9: 84.147726 | G9: =+E9/F9*100 -> #DIV/0! | H9: =H8+E9 -> 160.44632 | I9: 14.55 | J9: =SUMPRODUCT(E6:E9,I6:I9)/H9 -> 13.776783 | K9: =SUMPRODUCT(H9,J9)/SUMPRODUCT($H$12,$J$12)*100 -> 78.082058 | L9: =E9/$E$13*100 -> 14.9812 | M9: =+M8+L9 -> 28.564984 | N9: 14.9 | O9: =SUMPRODUCT(E6:E9,N6:N9)/H9 -> 13.458383 | P9: =SUMPRODUCT(H9,O9)/SUMPRODUCT($H$12,$O$12)*100 -> 48.030714
B10: Concentrado 5 | E10: 62.211155 | G10: =+E10/F10*100 -> #DIV/0! | H10: =H9+E10 -> 222.65748 | I10: 6.86 | J10: =SUMPRODUCT(E6:E10,I6:I10)/H10 -> 11.844213 | K10: =SUMPRODUCT(H10,J10)/SUMPRODUCT($H$12,$J$12)*100 -> 93.157361 | L10: =E10/$E$13*100 -> 11.075733 | M10: =+M9+L10 -> 39.640717 | N10: 13.5 | O10: =SUMPRODUCT(E6:E10,N6:N10)/H10 -> 13.470011 | P10: =SUMPRODUCT(H10,O10)/SUMPRODUCT($H$12,$O$12)*100 -> 66.71164
B11: Concentrado 6 | E11: 56.183413 | G11: =+E11/F11*100 -> #DIV/0! | H11: =H10+E11 -> 278.84089 | I11: 2.159 | J11: =SUMPRODUCT(E6:E11,I6:I11)/H11 -> 9.8927478 | K11: =SUMPRODUCT(H11,J11)/SUMPRODUCT($H$12,$J$12)*100 -> 97.4422 | L11: =E11/$E$13*100 -> 10.002587 | M11: =+M10+L11 -> 49.643304 | N11: 8.01 | O11: =SUMPRODUCT(E6:E11,N6:N11)/H11 -> 12.369878 | P11: =SUMPRODUCT(H11,O11)/SUMPRODUCT($H$12,$O$12)*100 -> 76.721708
B12: Relave | E12: 282.84793 | G12: =+E12/F12*100 -> #DIV/0! | H12: =H11+E12 -> 561.68882 | I12: 0.256 | J12: =SUMPRODUCT(E6:E12,I6:I12)/H12 -> 5.04 | K12: =SUMPRODUCT(H12,J12)/SUMPRODUCT($H$12,$J$12)*100 -> 100 | L12: =E12/$E$13*100 -> 50.356696 | M12: =+M11+L12 -> 100 | N12: 3.7 | O12: =SUMPRODUCT(E6:E12,N6:N12)/H12 -> 8.004014 | P12: =SUMPRODUCT(H12,O12)/SUMPRODUCT($H$12,$O$12)*100 -> 100
B13: Alimentación | E13: 561.68882 | G13: =+I13/F13*100 -> #DIV/0! | I13: =+SUMPRODUCT(I6:I12,E6:E12)/SUM(E6:E12) -> 5.04
B14: Cabeza Medida | I14: 5.04
B15: Cabeza Calculada | I15: =+(I13-I14)/I13 -> 7.6262572e-09 | J15: =+SUMPRODUCT(I6:I12,E6:E12)/SUM(E6:E12) -> 5.04
B16: Error | J16: =+(J14-J15)/J14 -> #DIV/0!
B19: Condición #2 45 um
B21: Cinetica STD | C21: Tiempo, min | D21: Tiempo acumulado, min | E21: Masa seca, gr | F21: Masa húmeda, gr | G21: Cp, % | H21: Masa acumulada, gr | I21: Ley, Cu% | J21: Ley acumulada, Cu% | K21: Recuperación, Cu% | L21: Mass Pull, % | M21: Mass Pull acumulado, % | N21: Ley, Fe% | O21: Ley acumulada, Fe% | P21: Recuperación, Fe%
B22: Concentrado 1 | E22: 33.559848 | G22: =+E22/F22*100 -> #DIV/0! | H22: =E22 -> 33.559848 | I22: 11.11 | J22: =SUMPRODUCT(E22,I22)/H22 -> 11.11 | K22: =SUMPRODUCT(H22,J22)/SUMPRODUCT($H$28,$J$28)*100 -> 17.61991 | L22: =E22/$E$29*100 -> 5.1257919 | M22: =+L22 -> 5.1257919 | N22: 12 | O22: =SUMPRODUCT(E22,N22)/H22 -> 12 | P22: =SUMPRODUCT(H22,O22)/SUMPRODUCT($H$28,$O$28)*100 -> 6.8878654
B23: Concentrado 2 | E23: 14.422112 | G23: =+E23/F23*100 -> #DIV/0! | H23: =H22+E23 -> 47.98196 | I23: 10.05 | J23: =SUMPRODUCT(E22:E23,I22:I23)/H23 -> 10.791392 | K23: =SUMPRODUCT(H23,J23)/SUMPRODUCT($H$28,$J$28)*100 -> 24.469499 | L23: =E23/$E$29*100 -> 2.2027735 | M23: =+M22+L23 -> 7.3285654 | N23: 11.9 | O23: =SUMPRODUCT(E22:E23,N22:N23)/H23 -> 11.969943 | P23: =SUMPRODUCT(H23,O23)/SUMPRODUCT($H$28,$O$28)*100 -> 9.8232111
B24: Concentrado 3 | E24: 23.016164 | G24: =+E24/F24*100 -> #DIV/0! | H24: =H23+E24 -> 70.998124 | I24: 9.51 | J24: =SUMPRODUCT(E22:E24,I22:I24)/H24 -> 10.37599 | K24: =SUMPRODUCT(H24,J24)/SUMPRODUCT($H$28,$J$28)*100 -> 34.81337 | L24: =E24/$E$29*100 -> 3.5153933 | M24: =+M23+L24 -> 10.843959 | N24: 11.8 | O24: =SUMPRODUCT(E22:E24,N22:N24)/H24 -> 11.914851 | P24: =SUMPRODUCT(H24,O24)/SUMPRODUCT($H$28,$O$28)*100 -> 14.468346
B25: Concentrado 4 | E25: 62.387093 | G25: =+E25/F25*100 -> #DIV/0! | H25: =H24+E25 -> 133.38522 | I25: 12.29 | J25: =SUMPRODUCT(E22:E25,I22:I25)/H25 -> 11.271213 | K25: =SUMPRODUCT(H25,J25)/SUMPRODUCT($H$28,$J$28)*100 -> 71.047369 | L25: =E25/$E$29*100 -> 9.5287456 | M25: =+M24+L25 -> 20.372704 | N25: 16.1 | O25: =SUMPRODUCT(E22:E25,N22:N25)/H25 -> 13.872334 | P25: =SUMPRODUCT(H25,O25)/SUMPRODUCT($H$28,$O$28)*100 -> 31.64759
B26: Concentrado 5 | E26: 59.212686 | G26: =+E26/F26*100 -> #DIV/0! | H26: =H25+E26 -> 192.5979 | I26: 6.26 | J26: =SUMPRODUCT(E22:E26,I22:I26)/H26 -> 9.7305558 | K26: =SUMPRODUCT(H26,J26)/SUMPRODUCT($H$28,$J$28)*100 -> 88.564328 | L26: =E26/$E$29*100 -> 9.0438999 | M26: =+M25+L26 -> 29.416604 | N26: 14 | O26: =SUMPRODUCT(E22:E26,N22:N26)/H26 -> 13.911584 | P26: =SUMPRODUCT(H26,O26)/SUMPRODUCT($H$28,$O$28)*100 -> 45.825958
B27: Concentrado 6 | E27: 58.509636 | G27: =+E27/F27*100 -> #DIV/0! | H27: =H26+E27 -> 251.10754 | I27: 2.294 | J27: =SUMPRODUCT(E22:E27,I22:I27)/H27 -> 7.9977915 | K27: =SUMPRODUCT(H27,J27)/SUMPRODUCT($H$28,$J$28)*100 -> 94.907266 | L27: =E27/$E$29*100 -> 8.9365189 | M27: =+M26+L27 -> 38.353123 | N27: 10.4 | O27: =SUMPRODUCT(E22:E27,N22:N27)/H27 -> 13.093363 | P27: =SUMPRODUCT(H27,O27)/SUMPRODUCT($H$28,$O$28)*100 -> 56.233403
B28: Relave | E28: 403.6176 | G28: =+E28/F28*100 -> #DIV/0! | H28: =H27+E28 -> 654.72514 | I28: 0.267 | J28: =SUMPRODUCT(E22:E28,I22:I28)/H28 -> 3.232 | K28: =SUMPRODUCT(H28,J28)/SUMPRODUCT($H$28,$J$28)*100 -> 100 | L28: =E28/$E$29*100 -> 61.646877 | M28: =+M27+L28 -> 100 | N28: 6.34 | O28: =SUMPRODUCT(E22:E28,N22:N28)/H28 -> 8.9301255 | P28: =SUMPRODUCT(H28,O28)/SUMPRODUCT($H$28,$O$28)*100 -> 100
B29: Alimentación | E29: =+SUM(E22:E28) -> 654.72514 | G29: =+I29/F29*100 -> #DIV/0! | I29: =+SUMPRODUCT(I22:I28,E22:E28)/SUM(E22:E28) -> 3.232
B30: Cabeza Medida | I30: 3.232
B31: Cabeza Calculada | I31: =+(I29-I30)/I29 -> 2.1869566e-10 | J31: =+SUMPRODUCT(I22:I28,E22:E28)/SUM(E22:E28) -> 3.232
B32: Error | J32: =+(J30-J31)/J30 -> #DIV/0!
B35: Condición #2 35 um
B37: Cinetica STD | C37: Tiempo, min | D37: Tiempo acumulado, min | E37: Masa seca, gr | F37: Masa húmeda, gr | G37: Cp, % | H37: Masa acumulada, gr | I37: Ley, Cu% | J37: Ley acumulada, Cu% | K37: Recuperación, Cu% | L37: Mass Pull, % | M37: Mass Pull acumulado, % | N37: Ley, Fe% | O37: Ley acumulada, Fe% | P37: Recuperación, Fe%
B38: Concentrado 1 | E38: 33.727577 | G38: =+E38/F38*100 -> #DIV/0! | H38: =E38 -> 33.727577 | I38: 14.31 | J38: =SUMPRODUCT(E38,I38)/H38 -> 14.31 | K38: =SUMPRODUCT(H38,J38)/SUMPRODUCT($H$44,$J$44)*100 -> 23.013782 | L38: =E38/$E$45*100 -> 5.1978017 | M38: =+L38 -> 5.1978017 | N38: 14.5 | O38: =SUMPRODUCT(E38,N38)/H38 -> 14.5 | P38: =SUMPRODUCT(H38,O38)/SUMPRODUCT($H$44,$O$44)*100 -> 8.1614541
B39: Concentrado 2 | E39: 14.447488 | G39: =+E39/F39*100 -> #DIV/0! | H39: =H38+E39 -> 48.175064 | I39: 12.3 | J39: =SUMPRODUCT(E38:E39,I38:I39)/H39 -> 13.70721 | K39: =SUMPRODUCT(H39,J39)/SUMPRODUCT($H$44,$J$44)*100 -> 31.487239 | L39: =E39/$E$45*100 -> 2.2265215 | M39: =+M38+L39 -> 7.4243232 | N39: 13.5 | O39: =SUMPRODUCT(E38:E39,N38:N39)/H39 -> 14.200104 | P39: =SUMPRODUCT(H39,O39)/SUMPRODUCT($H$44,$O$44)*100 -> 11.416376
B40: Concentrado 3 | E40: 23.074548 | G40: =+E40/F40*100 -> #DIV/0! | H40: =H39+E40 -> 71.249612 | I40: 11.42 | J40: =SUMPRODUCT(E38:E40,I38:I40)/H40 -> 12.966485 | K40: =SUMPRODUCT(H40,J40)/SUMPRODUCT($H$44,$J$44)*100 -> 44.05224 | L40: =E40/$E$45*100 -> 3.5560492 | M40: =+M39+L40 -> 10.980372 | N40: 13.3 | O40: =SUMPRODUCT(E38:E40,N38:N40)/H40 -> 13.908601 | P40: =SUMPRODUCT(H40,O40)/SUMPRODUCT($H$44,$O$44)*100 -> 16.5379
B41: Concentrado 4 | E41: 62.801977 | G41: =+E41/F41*100 -> #DIV/0! | H41: =H40+E41 -> 134.05159 | I41: 11.15 | J41: =SUMPRODUCT(E38:E41,I38:I41)/H41 -> 12.115478 | K41: =SUMPRODUCT(H41,J41)/SUMPRODUCT($H$44,$J$44)*100 -> 77.441853 | L41: =E41/$E$45*100 -> 9.6784961 | M41: =+M40+L41 -> 20.658869 | N41: 15.1 | O41: =SUMPRODUCT(E38:E41,N38:N41)/H41 -> 14.466761 | P41: =SUMPRODUCT(H41,O41)/SUMPRODUCT($H$44,$O$44)*100 -> 32.363663
B42: Concentrado 5 | E42: 59.296357 | G42: =+E42/F42*100 -> #DIV/0! | H42: =H41+E42 -> 193.34795 | I42: 4.974 | J42: =SUMPRODUCT(E38:E42,I38:I42)/H42 -> 9.9253145 | K42: =SUMPRODUCT(H42,J42)/SUMPRODUCT($H$44,$J$44)*100 -> 91.50547 | L42: =E42/$E$45*100 -> 9.1382405 | M42: =+M41+L42 -> 29.797109 | N42: 14 | O42: =SUMPRODUCT(E38:E42,N38:N42)/H42 -> 14.323614 | P42: =SUMPRODUCT(H42,O42)/SUMPRODUCT($H$44,$O$44)*100 -> 46.217512
B43: Concentrado 6 | E43: 58.439771 | G43: =+E43/F43*100 -> #DIV/0! | H43: =H42+E43 -> 251.78772 | I43: 1.669 | J43: =SUMPRODUCT(E38:E43,I38:I43)/H43 -> 8.0090291 | K43: =SUMPRODUCT(H43,J43)/SUMPRODUCT($H$44,$J$44)*100 -> 96.156274 | L43: =E43/$E$45*100 -> 9.0062309 | M43: =+M42+L43 -> 38.80334 | N43: 10.3 | O43: =SUMPRODUCT(E38:E43,N38:N43)/H43 -> 13.389735 | P43: =SUMPRODUCT(H43,O43)/SUMPRODUCT($H$44,$O$44)*100 -> 56.262748
B44: Relave | E44: 397.09384 | G44: =+E44/F44*100 -> #DIV/0! | H44: =H43+E44 -> 648.88156 | I44: 0.203 | J44: =SUMPRODUCT(E38:E44,I38:I44)/H44 -> 3.232 | K44: =SUMPRODUCT(H44,J44)/SUMPRODUCT($H$44,$J$44)*100 -> 100 | L44: =E44/$E$45*100 -> 61.19666 | M44: =+M43+L44 -> 100 | N44: 6.6 | O44: =SUMPRODUCT(E38:E44,N38:N44)/H44 -> 9.2346441 | P44: =SUMPRODUCT(H44,O44)/SUMPRODUCT($H$44,$O$44)*100 -> 100
B45: Alimentación | E45: =+SUM(E38:E44) -> 648.88156 | G45: =+I45/F45*100 -> #DIV/0! | I45: =+SUMPRODUCT(I38:I44,E38:E44)/SUM(E38:E44) -> 3.232
B46: Cabeza Medida | I46: 3.232
B47: Cabeza Calculada | I47: =+(I45-I46)/I45 -> 2.5310612e-11 | J47: =+SUMPRODUCT(I38:I44,E38:E44)/SUM(E38:E44) -> 3.232
B48: Error | J48: =+(J46-J47)/J46 -> #DIV/0!
X51: Tiempos SKT
X52: 0
X53: 0.75
X54: 2
X55: 8
X56: 30
J71: Leyes tan bajas?
J72: Vale la pena remolienda a 35?

Sheet 17. Jms - Pre Rougher
B2: Pruebas Jameson - Pre rougher
B32: Alimentación Rougher A Planta Piloto Compósito Global Futuro
B33: Cinetica Rougher 1 | C33: Tiempo, min | D33: Tiempo acumulado, min | E33: Masa seca, gr | F33: Masa húmeda, gr | G33: Cp, % | H33: Masa acumulada, gr | I33: Ley, Cu% | J33: Ley acumulada, Cu% | K33: Recuperación, Cu% | L33: Mass Pull, % | M33: Mass Pull acumulado, % | N33: Ley, Fe% | O33: Ley acumulada, Fe% | P33: Recuperación, Fe%
B34: Concentrado 1 | C34: 0.5 | D34: =+C34 -> 0.5 | E34: 32.4 | F34: 150.4 | G34: =+E34/F34*100 -> 21.542553 | H34: =E34 -> 32.4 | I34: 12.97 | J34: =SUMPRODUCT(E34,I34)/H34 -> 12.97 | K34: =SUMPRODUCT(H34,J34)/SUMPRODUCT($H$39,$J$39)*100 -> 43.574207 | L34: =E34/$E$40*100 -> 2.1734755 | M34: =+L34 -> 2.1734755 | N34: 14.6 | O34: =SUMPRODUCT(E34,N34)/H34 -> 14.6 | P34: =SUMPRODUCT(H34,O34)/SUMPRODUCT($H$39,$O$39)*100 -> 16.231997
B35: Concentrado 2 | C35: 1 | D35: =+D34+C35 -> 1.5 | E35: 14 | F35: 84.9 | G35: =+E35/F35*100 -> 16.489988 | H35: =H34+E35 -> 46.4 | I35: 9.01 | J35: =SUMPRODUCT(E34:E35,I34:I35)/H35 -> 11.775172 | K35: =SUMPRODUCT(H35,J35)/SUMPRODUCT($H$39,$J$39)*100 -> 56.653894 | L35: =E35/$E$40*100 -> 0.9391561 | M35: =+M34+L35 -> 3.1126316 | N35: 11.3 | O35: =SUMPRODUCT(E34:E35,N34:N35)/H35 -> 13.60431 | P35: =SUMPRODUCT(H35,O35)/SUMPRODUCT($H$39,$O$39)*100 -> 21.660506
B36: Concentrado 3 | C36: 2 | D36: =+D35+C36 -> 3.5 | E36: 21.9 | F36: 156.6 | G36: =+E36/F36*100 -> 13.984674 | H36: =H35+E36 -> 68.3 | I36: 6.29 | J36: =SUMPRODUCT(E34:E36,I34:I36)/H36 -> 10.016384 | K36: =SUMPRODUCT(H36,J36)/SUMPRODUCT($H$39,$J$39)*100 -> 70.937546 | L36: =E36/$E$40*100 -> 1.4691085 | M36: =+M35+L36 -> 4.5817401 | N36: 9.28 | O36: =SUMPRODUCT(E34:E36,N34:N36)/H36 -> 12.217745 | P36: =SUMPRODUCT(H36,O36)/SUMPRODUCT($H$39,$O$39)*100 -> 28.634253
B37: Concentrado 4 | C37: 8 | D37: =+D36+C37 -> 11.5 | E37: 63 | F37: 610.7 | G37: =+E37/F37*100 -> 10.316031 | H37: =H36+E37 -> 131.3 | I37: 1.905 | J37: =SUMPRODUCT(E34:E37,I34:I37)/H37 -> 6.1244021 | K37: =SUMPRODUCT(H37,J37)/SUMPRODUCT($H$39,$J$39)*100 -> 83.38212 | L37: =E37/$E$40*100 -> 4.2262025 | M37: =+M36+L37 -> 8.8079426 | N37: 5.24 | O37: =SUMPRODUCT(E34:E37,N34:N37)/H37 -> 8.869703 | P37: =SUMPRODUCT(H37,O37)/SUMPRODUCT($H$39,$O$39)*100 -> 39.962062
B38: Concentrado 5 | C38: 16 | D38: =+D37+C38 -> 27.5 | E38: 55.6 | F38: 641.9 | G38: =+E38/F38*100 -> 8.6617853 | H38: =H37+E38 -> 186.9 | I38: 0.514 | J38: =SUMPRODUCT(E34:E38,I34:I38)/H38 -> 4.45539 | K38: =SUMPRODUCT(H38,J38)/SUMPRODUCT($H$39,$J$39)*100 -> 86.345467 | L38: =E38/$E$40*100 -> 3.7297914 | M38: =+M37+L38 -> 12.537734 | N38: 2.86 | O38: =SUMPRODUCT(E34:E38,N34:N38)/H38 -> 7.0819048 | P38: =SUMPRODUCT(H38,O38)/SUMPRODUCT($H$39,$O$39)*100 -> 45.418572
B39: Relave | E39: 1303.8 | F39: 5519.6 | G39: =+E39/F39*100 -> 23.621277 | H39: =H38+E39 -> 1490.7 | I39: 0.101 | J39: =SUMPRODUCT(E34:E39,I34:I39)/H39 -> 0.64694184 | K39: =SUMPRODUCT(H39,J39)/SUMPRODUCT($H$39,$J$39)*100 -> 100 | L39: =E39/$E$40*100 -> 87.462266 | M39: =+M38+L39 -> 100 | N39: 1.22 | O39: =SUMPRODUCT(E34:E39,N34:N39)/H39 -> 1.95495 | P39: =SUMPRODUCT(H39,O39)/SUMPRODUCT($H$39,$O$39)*100 -> 100
B40: Alimentación | E40: =+SUM(E34:E39) -> 1490.7 | F40: =+SUM(F34:F39) -> 7164.1 | G40: =+E40/F40*100 -> 20.807917
B41: Cabeza Medida | J41: 0.648
B42: Cabeza Calculada | J42: =+SUMPRODUCT(I34:I39,E34:E39)/SUM(E34:E39) -> 0.64694184
B43: Error | J43: =+(J41-J42)/J41 -> 0.0016329639
B45: Alimentación Rougher A Planta Piloto Compósito Global Futuro
B46: T. Dilución 1 | C46: Tiempo, min | D46: Tiempo acumulado, min | E46: Masa seca, gr | F46: Masa húmeda, gr | G46: Cp, % | H46: Masa acumulada, gr | I46: Ley, Cu% | J46: Ley acumulada, Cu% | K46: Recuperación, Cu% | L46: Mass Pull, % | M46: Mass Pull acumulado, % | N46: Ley, Fe% | O46: Ley acumulada, Fe% | P46: Recuperación, Fe%
B47: Concentrado 1 | C47: =+D47 -> 0.5 | D47: 0.5 | E47: 7.2 | F47: 35 | G47: =+E47/F47*100 -> 20.571429 | H47: =E47 -> 7.2 | I47: 23.22 | J47: =SUMPRODUCT(E47,I47)/H47 -> 23.22 | K47: =SUMPRODUCT(H47,J47)/SUMPRODUCT($H$54,$J$54)*100 -> 19.530394 | L47: =E47/$E$55*100 -> 0.515132 | M47: =+L47 -> 0.515132 | N47: 20.2 | O47: =SUMPRODUCT(E47,N47)/H47 -> 20.2 | P47: =SUMPRODUCT(H47,O47)/SUMPRODUCT($H$54,$O$54)*100 -> 5.0430798
B48: Concentrado 2 | C48: =+D48-D47 -> 0.5 | D48: 1 | E48: 2.6 | F48: 16.3 | G48: =+E48/F48*100 -> 15.95092 | H48: =H47+E48 -> 9.8 | I48: 21.53 | J48: =SUMPRODUCT(E47:E48,I47:I48)/H48 -> 22.771633 | K48: =SUMPRODUCT(H48,J48)/SUMPRODUCT($H$54,$J$54)*100 -> 26.06973 | L48: =E48/$E$55*100 -> 0.18601989 | M48: =+M47+L48 -> 0.70115189 | N48: 20.9 | O48: =SUMPRODUCT(E47:E48,N47:N48)/H48 -> 20.385714 | P48: =SUMPRODUCT(H48,O48)/SUMPRODUCT($H$54,$O$54)*100 -> 6.9272998
B49: Concentrado 3 | C49: =+D49-D48 -> 1 | D49: 2 | E49: 4.8 | F49: 36.6 | G49: =+E49/F49*100 -> 13.114754 | H49: =H48+E49 -> 14.6 | I49: 20.5 | J49: =SUMPRODUCT(E47:E49,I47:I49)/H49 -> 22.024795 | K49: =SUMPRODUCT(H49,J49)/SUMPRODUCT($H$54,$J$54)*100 -> 37.564794 | L49: =E49/$E$55*100 -> 0.34342134 | M49: =+M48+L49 -> 1.0445732 | N49: 20.6 | O49: =SUMPRODUCT(E47:E49,N47:N49)/H49 -> 20.456164 | P49: =SUMPRODUCT(H49,O49)/SUMPRODUCT($H$54,$O$54)*100 -> 10.355928
B50: Concentrado 4 | C50: =+D50-D49 -> 4 | D50: 6 | E50: 8.2 | F50: 132 | G50: =+E50/F50*100 -> 6.2121212 | H50: =H49+E50 -> 22.8 | I50: 15.37 | J50: =SUMPRODUCT(E47:E50,I47:I50)/H50 -> 19.631404 | K50: =SUMPRODUCT(H50,J50)/SUMPRODUCT($H$54,$J$54)*100 -> 52.288055 | L50: =E50/$E$55*100 -> 0.58667811 | M50: =+M49+L50 -> 1.6312513 | N50: 18.6 | O50: =SUMPRODUCT(E47:E50,N47:N50)/H50 -> 19.788596 | P50: =SUMPRODUCT(H50,O50)/SUMPRODUCT($H$54,$O$54)*100 -> 15.644504
B51: Concentrado 5 | C51: =+D51-D50 -> 4 | D51: 10 | E51: 4.8 | F51: 164.8 | G51: =+E51/F51*100 -> 2.9126214 | H51: =H50+E51 -> 27.6 | I51: 11.03 | J51: =SUMPRODUCT(E47:E51,I47:I51)/H51 -> 18.135507 | K51: =SUMPRODUCT(H51,J51)/SUMPRODUCT($H$54,$J$54)*100 -> 58.47296 | L51: =E51/$E$55*100 -> 0.34342134 | M51: =+M50+L51 -> 1.9746727 | N51: 20.7 | O51: =SUMPRODUCT(E47:E51,N47:N51)/H51 -> 19.947101 | P51: =SUMPRODUCT(H51,O51)/SUMPRODUCT($H$54,$O$54)*100 -> 19.089777
B52: Relave Stage 3 | E52: 29.7 | F52: 866.4 | G52: =+E52/F52*100 -> 3.4279778 | H52: =H51+E52 -> 57.3 | I52: 6.22 | J52: =SUMPRODUCT(E47:E52,I47:I52)/H52 -> 11.959407 | K52: =SUMPRODUCT(H52,J52)/SUMPRODUCT($H$54,$J$54)*100 -> 80.053541 | L52: =E52/$E$55*100 -> 2.1249195 | M52: =+M51+L52 -> 4.0995922 | N52: 16.2 | O52: =SUMPRODUCT(E47:E52,N47:N52)/H52 -> 18.004887 | P52: =SUMPRODUCT(H52,O52)/SUMPRODUCT($H$54,$O$54)*100 -> 35.773134
B53: Relave Stage 2 | C53: 14 | E53: 115.2 | F53: 2483.4 | G53: =+E53/F53*100 -> 4.6388016 | H53: =H52+E53 -> 172.5 | I53: 0.291 | J53: =SUMPRODUCT(E47:E53,I47:I53)/H53 -> 4.1669403 | K53: =SUMPRODUCT(H53,J53)/SUMPRODUCT($H$54,$J$54)*100 -> 83.969713 | L53: =E53/$E$55*100 -> 8.242112 | M53: =+M52+L53 -> 12.341704 | N53: 2.04 | O53: =SUMPRODUCT(E47:E53,N47:N53)/H53 -> 7.3431188 | P53: =SUMPRODUCT(H53,O53)/SUMPRODUCT($H$54,$O$54)*100 -> 43.921952
B54: Relave Stage 1 | C54: 16 | E54: 1225.2 | F54: 5484.3 | G54: =+E54/F54*100 -> 22.340135 | H54: =H53+E54 -> 1397.7 | I54: 0.112 | J54: =SUMPRODUCT(E47:E54,I47:I54)/H54 -> 0.61244874 | K54: =SUMPRODUCT(H54,J54)/SUMPRODUCT($H$54,$J$54)*100 -> 100 | L54: =E54/$E$55*100 -> 87.658296 | M54: =+M53+L54 -> 100 | N54: 1.32 | O54: =SUMPRODUCT(E47:E54,N47:N54)/H54 -> 2.0633555 | P54: =SUMPRODUCT(H54,O54)/SUMPRODUCT($H$54,$O$54)*100 -> 100
B55: Alimentación | E55: =+SUM(E47:E54) -> 1397.7 | F55: =+SUM(F47:F54) -> 9218.8 | G55: =+E55/F55*100 -> 15.161409
B56: Cabeza Medida | J56: 0.648
B57: Cabeza Calculada | J57: =+SUMPRODUCT(I47:I54,E47:E54)/SUM(E47:E54) -> 0.61244874
B58: Error | J58: =+(J56-J57)/J56 -> 0.05486306
C59: Cp, %
B60: Etapa 1 | C60: 17.276244
B61: Etapa 2 | C61: 3.4684522
B62: Etapa 3 | C62: 4.5799696
B64: Alimentación Rougher A Planta Piloto Compósito Global Futuro
B65: T. Desgaste 1 L-150 | C65: Tiempo, min | D65: Tiempo acumulado, min | E65: Masa seca, gr | F65: Masa húmeda, gr | G65: Cp, % | H65: Masa acumulada, gr | I65: Ley, Cu% | J65: Ley acumulada, Cu% | K65: Recuperación, Cu% | L65: Mass Pull, % | M65: Mass Pull acumulado, % | N65: Ley, Fe% | O65: Ley acumulada, Fe% | P65: Recuperación, Fe%
B66: Concentrado 1 | C66: 5 | D66: =+C66 -> 5 | E66: 148.8 | F66: 2578.9 | G66: =+E66/F66*100 -> 5.7699019 | H66: =+E66 -> 148.8 | I66: 17.85 | J66: =SUMPRODUCT(E66,I66)/H66 -> 17.85 | K66: =SUMPRODUCT(H66,J66)/SUMPRODUCT($H$74,$J$74)*100 -> 25.705406 | L66: =E66/$E$75*100 -> 0.8456948 | M66: =+L66 -> 0.8456948 | N66: 16.9 | O66: =SUMPRODUCT(E66,N66)/H66 -> 16.9 | P66: =SUMPRODUCT(H66,O66)/SUMPRODUCT($H$74,$O$74)*100 -> 6.9893559
B67: Concentrado 2 | C67: 5 | D67: =+D66+C67 -> 10 | E67: 137.7 | F67: 2589.2 | G67: =+E67/F67*100 -> 5.318245 | H67: =+H66+E67 -> 286.5 | I67: 17.21 | J67: =SUMPRODUCT(E66:E67,I66:I67)/H67 -> 17.542398 | K67: =SUMPRODUCT(H67,J67)/SUMPRODUCT($H$74,$J$74)*100 -> 48.640374 | L67: =E67/$E$75*100 -> 0.7826087 | M67: =+M66+L67 -> 1.6283035 | N67: 17.1 | O67: =SUMPRODUCT(E66:E67,N66:N67)/H67 -> 16.996126 | P67: =SUMPRODUCT(H67,O67)/SUMPRODUCT($H$74,$O$74)*100 -> 13.533872
B68: Concentrado 3 | C68: 5 | D68: =+D67+C68 -> 15 | E68: 59.6 | F68: 2560 | G68: =+E68/F68*100 -> 2.328125 | H68: =+H67+E68 -> 346.1 | I68: 10.79 | J68: =SUMPRODUCT(E66:E68,I66:I68)/H68 -> 16.379604 | K68: =SUMPRODUCT(H68,J68)/SUMPRODUCT($H$74,$J$74)*100 -> 54.864108 | L68: =E68/$E$75*100 -> 0.33873259 | M68: =+M67+L68 -> 1.9670361 | N68: 14.4 | O68: =SUMPRODUCT(E66:E68,N66:N68)/H68 -> 16.549061 | P68: =SUMPRODUCT(H68,O68)/SUMPRODUCT($H$74,$O$74)*100 -> 15.919245
B69: Concentrado 4 | C69: 5 | D69: =+D68+C69 -> 20 | E69: 56.2 | F69: 2820.8 | G69: =+E69/F69*100 -> 1.9923426 | H69: =+H68+E69 -> 402.3 | I69: 6.24 | J69: =SUMPRODUCT(E66:E69,I66:I69)/H69 -> 14.963134 | K69: =SUMPRODUCT(H69,J69)/SUMPRODUCT($H$74,$J$74)*100 -> 58.258048 | L69: =E69/$E$75*100 -> 0.31940892 | M69: =+M68+L69 -> 2.286445 | N69: 9.52 | O69: =SUMPRODUCT(E66:E69,N66:N69)/H69 -> 15.567124 | P69: =SUMPRODUCT(H69,O69)/SUMPRODUCT($H$74,$O$74)*100 -> 17.406279
B70: Concentrado 5 | C70: 5 | D70: =+D69+C70 -> 25 | E70: 46.1 | F70: 2635.4 | G70: =+E70/F70*100 -> 1.7492601 | H70: =+H69+E70 -> 448.4 | I70: 4.701 | J70: =SUMPRODUCT(E66:E70,I66:I70)/H70 -> 13.908085 | K70: =SUMPRODUCT(H70,J70)/SUMPRODUCT($H$74,$J$74)*100 -> 60.355415 | L70: =E70/$E$75*100 -> 0.26200625 | M70: =+M69+L70 -> 2.5484513 | N70: 7.95 | O70: =SUMPRODUCT(E66:E70,N66:N70)/H70 -> 14.784008 | P70: =SUMPRODUCT(H70,O70)/SUMPRODUCT($H$74,$O$74)*100 -> 18.424907
B71: Concentrado 6 | C71: 5 | D71: =+D70+C71 -> 30 | E71: 45 | F71: 2656.7 | G71: =+E71/F71*100 -> 1.6938307 | H71: =+H70+E71 -> 493.4 | I71: 4.732 | J71: =SUMPRODUCT(E66:E71,I66:I71)/H71 -> 13.07119 | K71: =SUMPRODUCT(H71,J71)/SUMPRODUCT($H$74,$J$74)*100 -> 62.416238 | L71: =E71/$E$75*100 -> 0.25575448 | M71: =+M70+L71 -> 2.8042057 | N71: 7.73 | O71: =SUMPRODUCT(E66:E71,N66:N71)/H71 -> 14.140655 | P71: =SUMPRODUCT(H71,O71)/SUMPRODUCT($H$74,$O$74)*100 -> 19.391713
B72: Concentrado 7 | C72: 5 | D72: =+D71+C72 -> 35 | E72: 40.1 | F72: 2311 | G72: =+E72/F72*100 -> 1.7351796 | H72: =+H71+E72 -> 533.5 | I72: 7.2 | J72: =SUMPRODUCT(E66:E72,I66:I72)/H72 -> 12.629888 | K72: =SUMPRODUCT(H72,J72)/SUMPRODUCT($H$74,$J$74)*100 -> 65.210455 | L72: =E72/$E$75*100 -> 0.22790566 | M72: =+M71+L72 -> 3.0321114 | N72: 9.47 | O72: =SUMPRODUCT(E66:E72,N66:N72)/H72 -> 13.78959 | P72: =SUMPRODUCT(H72,O72)/SUMPRODUCT($H$74,$O$74)*100 -> 20.447173
B73: Concentrado 8 | C73: 15 | D73: =+D72+C73 -> 50 | E73: 241.5 | F73: 5507 | G73: =+E73/F73*100 -> 4.3853278 | H73: =+H72+E73 -> 775 | I73: 3.602 | J73: =SUMPRODUCT(E66:E73,I66:I73)/H73 -> 9.8166814 | K73: =SUMPRODUCT(H73,J73)/SUMPRODUCT($H$74,$J$74)*100 -> 73.629138 | L73: =E73/$E$75*100 -> 1.372549 | M73: =+M72+L73 -> 4.4046604 | N73: 5.69 | O73: =SUMPRODUCT(E66:E73,N66:N73)/H73 -> 11.265653 | P73: =SUMPRODUCT(H73,O73)/SUMPRODUCT($H$74,$O$74)*100 -> 24.266413
B74: Relave | E74: 16820 | F74: 145000 | G74: =+E74/F74*100 -> 11.6 | H74: =+H73+E74 -> 17595 | I74: 0.162 | J74: =SUMPRODUCT(E66:E74,I66:I74)/H74 -> 0.58725593 | K74: =SUMPRODUCT(H74,J74)/SUMPRODUCT($H$74,$J$74)*100 -> 100 | L74: =E74/$E$75*100 -> 95.59534 | M74: =+M73+L74 -> 100 | N74: 1.62 | O74: =SUMPRODUCT(E66:E74,N66:N74)/H74 -> 2.0448583 | P74: =SUMPRODUCT(H74,O74)/SUMPRODUCT($H$74,$O$74)*100 -> 100
B75: Alimentación | E75: =+SUM(E66:E74) -> 17595 | F75: =+SUM(F66:F74) -> 168659 | G75: =+E75/F75*100 -> 10.432292
B76: Cabeza Medida | J76: 0.626
B77: Cabeza Calculada | J77: =+SUMPRODUCT(I66:I74,E66:E74)/SUM(E66:E74) -> 0.58725593
B78: Error | J78: =+(J76-J77)/J76 -> 0.061891485
B81: Cinetica Rougher 1 | C81: Cp, % | D81: Ley acumulada, Cu% | E81: Recuperación, Cu% | F81: Mass Pull acumulado, %
B82: Concentrado 1 | C82: =+G34 -> 21.542553 | D82: =+J34 -> 12.97 | E82: =+K34 -> 43.574207 | F82: =+M34 -> 2.1734755
B83: Concentrado 2 | C83: =+G35 -> 16.489988 | D83: =+J35 -> 11.775172 | E83: =+K35 -> 56.653894 | F83: =+M35 -> 3.1126316
B84: Concentrado 3 | C84: =+G36 -> 13.984674 | D84: =+J36 -> 10.016384 | E84: =+K36 -> 70.937546 | F84: =+M36 -> 4.5817401
B85: Concentrado 4 | C85: =+G37 -> 10.316031 | D85: =+J37 -> 6.1244021 | E85: =+K37 -> 83.38212 | F85: =+M37 -> 8.8079426
B86: Concentrado 5 | C86: =+G38 -> 8.6617853 | D86: =+J38 -> 4.45539 | E86: =+K38 -> 86.345467 | F86: =+M38 -> 12.537734
B87: Relave | C87: =+G39 -> 23.621277 | D87: =+J39 -> 0.64694184 | E87: =+K39 -> 100 | F87: =+M39 -> 100
B89: T. Dilución 1 | C89: Cp, % | D89: Ley acumulada, Cu% | E89: Recuperación, Cu% | F89: Mass Pull acumulado, %
B90: Concentrado 1 | C90: =+G47 -> 20.571429 | D90: =+J47 -> 23.22 | E90: =+K47 -> 19.530394 | F90: =+M47 -> 0.515132
B91: Concentrado 2 | C91: =+G48 -> 15.95092 | D91: =+J48 -> 22.771633 | E91: =+K48 -> 26.06973 | F91: =+M48 -> 0.70115189
B92: Concentrado 3 | C92: =+G49 -> 13.114754 | D92: =+J49 -> 22.024795 | E92: =+K49 -> 37.564794 | F92: =+M49 -> 1.0445732
B93: Concentrado 4 | C93: =+G50 -> 6.2121212 | D93: =+J50 -> 19.631404 | E93: =+K50 -> 52.288055 | F93: =+M50 -> 1.6312513
B94: Concentrado 5 | C94: =+G51 -> 2.9126214 | D94: =+J51 -> 18.135507 | E94: =+K51 -> 58.47296 | F94: =+M51 -> 1.9746727
B95: Relave Stage 3 | C95: =+G52 -> 3.4279778 | D95: =+J52 -> 11.959407 | E95: =+K52 -> 80.053541 | F95: =+M52 -> 4.0995922
B96: Relave Stage 2 | C96: =+G53 -> 4.6388016 | D96: =+J53 -> 4.1669403 | E96: =+K53 -> 83.969713 | F96: =+M53 -> 12.341704
B97: Relave Stage 1 | C97: =+G54 -> 22.340135 | D97: =+J54 -> 0.61244874 | E97: =+K54 -> 100 | F97: =+M54 -> 100
B99: T. Desgaste 1 L-150 | C99: Cp, % | D99: Ley acumulada, Cu% | E99: Recuperación, Cu% | F99: Mass Pull acumulado, %
B100: Concentrado 1 | C100: =+G66 -> 5.7699019 | D100: =+J66 -> 17.85 | E100: =+K66 -> 25.705406 | F100: =+M66 -> 0.8456948
B101: Concentrado 2 | C101: =+G67 -> 5.318245 | D101: =+J67 -> 17.542398 | E101: =+K67 -> 48.640374 | F101: =+M67 -> 1.6283035
B102: Concentrado 3 | C102: =+G68 -> 2.328125 | D102: =+J68 -> 16.379604 | E102: =+K68 -> 54.864108 | F102: =+M68 -> 1.9670361
B103: Concentrado 4 | C103: =+G69 -> 1.9923426 | D103: =+J69 -> 14.963134 | E103: =+K69 -> 58.258048 | F103: =+M69 -> 2.286445
B104: Concentrado 5 | C104: =+G70 -> 1.7492601 | D104: =+J70 -> 13.908085 | E104: =+K70 -> 60.355415 | F104: =+M70 -> 2.5484513
B105: Concentrado 6 | C105: =+G71 -> 1.6938307 | D105: =+J71 -> 13.07119 | E105: =+K71 -> 62.416238 | F105: =+M71 -> 2.8042057
B106: Concentrado 7 | C106: =+G72 -> 1.7351796 | D106: =+J72 -> 12.629888 | E106: =+K72 -> 65.210455 | F106: =+M72 -> 3.0321114
B107: Concentrado 8 | C107: =+G73 -> 4.3853278 | D107: =+J73 -> 9.8166814 | E107: =+K73 -> 73.629138 | F107: =+M73 -> 4.4046604
B108: Relave | C108: =+G74 -> 11.6 | D108: =+J74 -> 0.58725593 | E108: =+K74 -> 100 | F108: =+M74 -> 100

Sheet 17.1 Jms - PR - T. Desgaste
B2: Pruebas de Desgaste
B3: Jameson Pre Rougher
B5: Condiciones de Operación | K5: Air | L5: Agua en conc. | M5: Flujo pulpa | N5: razon | O5: Vel. Sup. Gas | P5: Agua de lavado | Q5: Vel. Sup. Agua
B6: N° Concen. | C6: Presión Alim. | D6: Aire | E6: Vacío | F6: WW | G6: Altura espuma | H6: Tiempo Flot. | I6: pH | J6: ORP | K6: Flujo aire | L6: Qwc | M6: Downcomer | N6: Aire/pulpa | O6: Jg | P6: W | Q6: Jb
C7: [kPa] | D7: [m3/h] | E7: [kPa] | F7: [l/h] | G7: [mm] | H7: [min] | K7: [cm3/s] | L7: L/h | M7: [m3/h] | N7: A/P | O7: cm/s | P7: Qww/Qwc | Q7: cm/s | R7: Rec Cu % | S7: Cu %
B8: Acond.
B9: Con 1 | C9: 150 | D9: 0.4 | E9: -28 | F9: 100 | G9: 670 | H9: 5 | I9: 10.26 | J9: -14.4 | K9: 111.1112 | L9: 17.116085 | M9: 1.2237896 | N9: 0.32685358 | O9: 0.96626715 | P9: 5.8424576 | Q9: 0.72079147 | R9: =+'17. Jms - Pre Rougher'!K66 -> 25.705406 | S9: 17.85
B10: Con 2 | C10: 150 | D10: 0.4 | E10: -28 | F10: 100 | G10: 490 | H10: 5 | I10: 10.27 | J10: -16.2 | K10: 111.1112 | L10: 15.83928 | M10: 1.2237896 | N10: 0.32685358 | O10: 0.96626715 | P10: 6.3134183 | Q10: 0.73189507 | R10: =+'17. Jms - Pre Rougher'!K67 -> 48.640374 | S10: 17.542398
B11: Con 3 | C11: 150 | D11: 0.4 | E11: -29 | F11: 100 | G11: 530 | H11: 5 | I11: 10.21 | J11: -13.9 | K11: 111.1112 | L11: 6.8556361 | M11: 1.2272224 | N11: 0.3259393 | O11: 0.96626715 | P11: 14.586539 | Q11: 0.81002041 | R11: =+'17. Jms - Pre Rougher'!K68 -> 54.864108 | S11: 16.379604
B12: Con 4 | C12: 150 | D12: 0.6 | E12: -21 | F12: 100 | G12: 670 | H12: 5 | I12: 10.2 | J12: -12.3 | K12: 166.6668 | L12: 6.4645427 | M12: 1.199485 | N12: 0.5002147 | O12: 1.4494007 | P12: 15.468998 | Q12: 0.81342151 | R12: =+'17. Jms - Pre Rougher'!K69 -> 58.258048 | S12: 14.963134
B13: Con 5 | C13: 150 | D13: 0.6 | E13: -28 | F13: 100 | G13: 640 | H13: 5 | I13: 10.22 | J13: -14.2 | K13: 166.6668 | L13: 5.3027655 | M13: 1.2237896 | N13: 0.49028037 | O13: 1.4494007 | P13: 18.858085 | Q13: 0.82352478 | R13: =+'17. Jms - Pre Rougher'!K70 -> 60.355415 | S13: 13.908085
B14: Con 6 | C14: 150 | D14: 0.8 | E14: -29 | F14: 100 | G14: 690 | H14: 5 | I14: 10.26 | J14: -13 | K14: 222.2224 | L14: 5.1762353 | M14: 1.2272224 | N14: 0.6518786 | O14: 1.9325343 | P14: 19.31906 | Q14: 0.82462514 | R14: =+'17. Jms - Pre Rougher'!K71 -> 62.416238 | S14: 13.07119
B15: Con 7 | C15: 150 | D15: 0.8 | E15: -20 | F15: 50 | G15: 640 | H15: 5 | I15: 10.27 | J15: -14.1 | K15: 222.2224 | L15: 4.6126008 | M15: 1.1959725 | N15: 0.66891168 | O15: 1.9325343 | P15: 10.839872 | Q15: 0.39470686 | R15: =+'17. Jms - Pre Rougher'!K72 -> 65.210455 | S15: 12.629888
B16: Con 8 | C16: 150 | D16: 1.2 | E16: -22 | F16: 0 | G16: 630 | H16: 15 | I16: 10.24 | J16: -13.6 | K16: 333.3336 | L16: 9.2597098 | M16: 1.2029871 | N16: 0.99751693 | O16: 2.8988015 | P16: 0 | Q16: -0.080526116 | R16: =+'17. Jms - Pre Rougher'!K73 -> 73.629138 | S16: 9.8166814
B18: Criterios QAQC
C20: Profundidad de la espuma (mm) | F20: Razón (Aire/Alim.) | I20: Jg (cm/s) | L20: Razón agua de lavado
B21: Etapa | C21: profundo | D21: Poco profundo | I21: Etapa | J21: Rango | L21: ww/wc
B22: Rougher | C22: 300 | D22: 100 | F22: Etapa | G22: Rango | I22: Rougher | J22: [1 - 2] | L22: Etapa | M22: Rango
B23: Cleaner | C23: 500 | D23: 200 | F23: Rougher | G23: [0,3 - 0,9] | I23: Cleaner | J23: [0,4 - 0,8] | L23: Rougher | M23: [0,5 -1]
B24: Scavenger | C24: 250 | D24: 50 | F24: Cleaner | G24: [0,3 - 0,9] | I24: Scavenger | J24: [1 - 2] | L24: Cleaner | M24: [0,5 -1]
F25: Scavenger | G25: [0,3 - 0,9] | L25: Scavenger | M25: [0,5 -1]

Sheet 18. Jms - Ro-SCV
B2: Pruebas Jameson - Cola rougher
B30: Condición #1
B32: Relave Rougher Planta Piloto Compósito Global Futuro
B33: Cinetica Convencional | C33: Tiempo, min | D33: Tiempo acumulado, min | E33: Masa seca, gr | F33: Masa húmeda, gr | G33: Cp, % | H33: Masa acumulada, gr | I33: Ley, Cu% | J33: Ley acumulada, Cu% | K33: Recuperación, Cu% | L33: Mass Pull, % | M33: Mass Pull acumulado, % | N33: Ley, Fe% | O33: Ley acumulada, Fe% | P33: Recuperación, Fe%
B34: Concentrado 1 | C34: 0.5 | D34: =+C34 -> 0.5 | E34: 37.4 | F34: 201.3 | G34: =+E34/F34*100 -> 18.579235 | H34: =E34 -> 37.4 | I34: 0.498 | J34: =SUMPRODUCT(E34,I34)/H34 -> 0.498 | K34: =SUMPRODUCT(H34,J34)/SUMPRODUCT($H$39,$J$39)*100 -> 6.9264024 | L34: =E34/$E$40*100 -> 1.9909502 | M34: =+L34 -> 1.9909502 | N34: 11 | O34: =SUMPRODUCT(E34,N34)/H34 -> 11 | P34: =SUMPRODUCT(H34,O34)/SUMPRODUCT($H$39,$O$39)*100 -> 13.811357
B35: Concentrado 2 | C35: 1 | D35: =+D34+C35 -> 1.5 | E35: 20.5 | F35: 122.4 | G35: =+E35/F35*100 -> 16.748366 | H35: =H34+E35 -> 57.9 | I35: 0.438 | J35: =SUMPRODUCT(E34:E35,I34:I35)/H35 -> 0.47675648 | K35: =SUMPRODUCT(H35,J35)/SUMPRODUCT($H$39,$J$39)*100 -> 10.265543 | L35: =E35/$E$40*100 -> 1.0912962 | M35: =+M34+L35 -> 3.0822465 | N35: 9.11 | O35: =SUMPRODUCT(E34:E35,N34:N35)/H35 -> 10.330829 | P35: =SUMPRODUCT(H35,O35)/SUMPRODUCT($H$39,$O$39)*100 -> 20.081022
B36: Concentrado 3 | C36: 2 | D36: =+D35+C36 -> 3.5 | E36: 21.9 | F36: 147.1 | G36: =+E36/F36*100 -> 14.887831 | H36: =H35+E36 -> 79.8 | I36: 0.497 | J36: =SUMPRODUCT(E34:E36,I34:I36)/H36 -> 0.48231203 | K36: =SUMPRODUCT(H36,J36)/SUMPRODUCT($H$39,$J$39)*100 -> 14.313234 | L36: =E36/$E$40*100 -> 1.1658238 | M36: =+M35+L36 -> 4.2480703 | N36: 10.3 | O36: =SUMPRODUCT(E34:E36,N34:N36)/H36 -> 10.322368 | P36: =SUMPRODUCT(H36,O36)/SUMPRODUCT($H$39,$O$39)*100 -> 27.653768
B37: Concentrado 4 | C37: 8 | D37: =+D36+C37 -> 11.5 | E37: 58.1 | F37: 443.6 | G37: =+E37/F37*100 -> 13.097385 | H37: =H36+E37 -> 137.9 | I37: 0.543 | J37: =SUMPRODUCT(E34:E37,I34:I37)/H37 -> 0.50788107 | K37: =SUMPRODUCT(H37,J37)/SUMPRODUCT($H$39,$J$39)*100 -> 26.045522 | L37: =E37/$E$40*100 -> 3.0928933 | M37: =+M36+L37 -> 7.3409635 | N37: 7.39 | O37: =SUMPRODUCT(E34:E37,N34:N37)/H37 -> 9.0869036 | P37: =SUMPRODUCT(H37,O37)/SUMPRODUCT($H$39,$O$39)*100 -> 42.068038
B38: Concentrado 5 | C38: 16 | D38: =+D37+C38 -> 27.5 | E38: 49.7 | F38: 558.4 | G38: =+E38/F38*100 -> 8.9004298 | H38: =H37+E38 -> 187.6 | I38: 0.463 | J38: =SUMPRODUCT(E34:E38,I34:I38)/H38 -> 0.49599094 | K38: =SUMPRODUCT(H38,J38)/SUMPRODUCT($H$39,$J$39)*100 -> 34.602968 | L38: =E38/$E$40*100 -> 2.645728 | M38: =+M37+L38 -> 9.9866915 | N38: 2.74 | O38: =SUMPRODUCT(E34:E38,N34:N38)/H38 -> 7.4054478 | P38: =SUMPRODUCT(H38,O38)/SUMPRODUCT($H$39,$O$39)*100 -> 46.639751
B39: Relave | E39: 1690.9 | F39: 5690.3 | G39: =+E39/F39*100 -> 29.715481 | H39: =H38+E39 -> 1878.5 | I39: 0.104 | J39: =SUMPRODUCT(E34:E39,I34:I39)/H39 -> 0.14314693 | K39: =SUMPRODUCT(H39,J39)/SUMPRODUCT($H$39,$J$39)*100 -> 100 | L39: =E39/$E$40*100 -> 90.013308 | M39: =+M38+L39 -> 100 | N39: 0.94 | O39: =SUMPRODUCT(E34:E39,N34:N39)/H39 -> 1.5856843 | P39: =SUMPRODUCT(H39,O39)/SUMPRODUCT($H$39,$O$39)*100 -> 100
B40: Alimentación | E40: =+SUM(E34:E39) -> 1878.5 | F40: =+SUM(F34:F39) -> 7163.1 | G40: =+E40/F40*100 -> 26.224679
B41: Cabeza Medida | J41: 0.133
B42: Cabeza Calculada | J42: =+SUMPRODUCT(I34:I39,E34:E39)/SUM(E34:E39) -> 0.14314693
B43: Error | J43: =+(J41-J42)/J41 -> -0.076292675
B45: Relave Rougher Planta Piloto Compósito Global Futuro
B46: T. Dilución | C46: Tiempo, min | D46: Tiempo acumulado, min | E46: Masa seca, gr | F46: Masa húmeda, gr | G46: Cp, % | H46: Masa acumulada, gr | I46: Ley, Cu% | J46: Ley acumulada, Cu% | K46: Recuperación, Cu% | L46: Mass Pull, % | M46: Mass Pull acumulado, % | N46: Ley, Fe% | O46: Ley acumulada, Fe% | P46: Recuperación, Fe%
B47: Concentrado 1 | C47: =+D47 -> 0.5 | D47: 0.5 | E47: 20.3 | F47: 50.8 | G47: =+E47/F47*100 -> 39.96063 | H47: =E47 -> 20.3 | I47: 1.512 | J47: =SUMPRODUCT(E47,I47)/H47 -> 1.512 | K47: =SUMPRODUCT(H47,J47)/SUMPRODUCT($H$54,$J$54)*100 -> 5.6958347 | L47: =E47/$E$55*100 -> 0.5237223 | M47: =+L47 -> 0.5237223 | N47: 35.8 | O47: =SUMPRODUCT(E47,N47)/H47 -> 35.8 | P47: =SUMPRODUCT(H47,O47)/SUMPRODUCT($H$54,$O$54)*100 -> 13.689276
B48: Concentrado 2 | C48: =+D48-D47 -> 0.5 | D48: 1 | E48: 5.3 | F48: 15.5 | G48: =+E48/F48*100 -> 34.193548 | H48: =H47+E48 -> 25.6 | I48: 1.317 | J48: =SUMPRODUCT(E47:E48,I47:I48)/H48 -> 1.4716289 | K48: =SUMPRODUCT(H48,J48)/SUMPRODUCT($H$54,$J$54)*100 -> 6.9911371 | L48: =E48/$E$55*100 -> 0.13673538 | M48: =+M47+L48 -> 0.66045768 | N48: 37.3 | O48: =SUMPRODUCT(E47:E48,N47:N48)/H48 -> 36.110547 | P48: =SUMPRODUCT(H48,O48)/SUMPRODUCT($H$54,$O$54)*100 -> 17.413074
B49: Concentrado 3 | C49: =+D49-D48 -> 1 | D49: 2 | E49: 6.6 | F49: 24.6 | G49: =+E49/F49*100 -> 26.829268 | H49: =H48+E49 -> 32.2 | I49: 1.432 | J49: =SUMPRODUCT(E47:E49,I47:I49)/H49 -> 1.4635062 | K49: =SUMPRODUCT(H49,J49)/SUMPRODUCT($H$54,$J$54)*100 -> 8.7450035 | L49: =E49/$E$55*100 -> 0.17027424 | M49: =+M48+L49 -> 0.83073192 | N49: 36.5 | O49: =SUMPRODUCT(E47:E49,N47:N49)/H49 -> 36.190373 | P49: =SUMPRODUCT(H49,O49)/SUMPRODUCT($H$54,$O$54)*100 -> 21.9508
B50: Concentrado 4 | C50: =+D50-D49 -> 4 | D50: 6 | E50: 16 | F50: 96.2 | G50: =+E50/F50*100 -> 16.632017 | H50: =H49+E50 -> 48.2 | I50: 1.544 | J50: =SUMPRODUCT(E47:E50,I47:I50)/H50 -> 1.4902261 | K50: =SUMPRODUCT(H50,J50)/SUMPRODUCT($H$54,$J$54)*100 -> 13.329344 | L50: =E50/$E$55*100 -> 0.41278605 | M50: =+M49+L50 -> 1.243518 | N50: 32.7 | O50: =SUMPRODUCT(E47:E50,N47:N50)/H50 -> 35.031743 | P50: =SUMPRODUCT(H50,O50)/SUMPRODUCT($H$54,$O$54)*100 -> 31.806084
B51: Concentrado 5 | C51: =+D51-D50 -> 4 | D51: 10 | E51: 9.4 | F51: 130.5 | G51: =+E51/F51*100 -> 7.2030651 | H51: =H50+E51 -> 57.6 | I51: 1.972 | J51: =SUMPRODUCT(E47:E51,I47:I51)/H51 -> 1.568849 | K51: =SUMPRODUCT(H51,J51)/SUMPRODUCT($H$54,$J$54)*100 -> 16.769232 | L51: =E51/$E$55*100 -> 0.2425118 | M51: =+M50+L51 -> 1.4860298 | N51: 23.5 | O51: =SUMPRODUCT(E47:E51,N47:N51)/H51 -> 33.149826 | P51: =SUMPRODUCT(H51,O51)/SUMPRODUCT($H$54,$O$54)*100 -> 35.967079
B52: Relave Stage 3 | E52: 36.2 | F52: 1564.2 | G52: =+E52/F52*100 -> 2.3142821 | H52: =H51+E52 -> 93.8 | I52: 0.988 | J52: =SUMPRODUCT(E47:E52,I47:I52)/H52 -> 1.3446834 | K52: =SUMPRODUCT(H52,J52)/SUMPRODUCT($H$54,$J$54)*100 -> 23.406281 | L52: =E52/$E$55*100 -> 0.93392843 | M52: =+M51+L52 -> 2.4199582 | N52: 6.29 | O52: =SUMPRODUCT(E47:E52,N47:N52)/H52 -> 22.783881 | P52: =SUMPRODUCT(H52,O52)/SUMPRODUCT($H$54,$O$54)*100 -> 40.256124
B53: Relave Stage 2 | C53: 14 | E53: 300.1 | F53: 4596.8 | G53: =+E53/F53*100 -> 6.5284546 | H53: =H52+E53 -> 393.9 | I53: 0.157 | J53: =SUMPRODUCT(E47:E53,I47:I53)/H53 -> 0.43982483 | K53: =SUMPRODUCT(H53,J53)/SUMPRODUCT($H$54,$J$54)*100 -> 32.149577 | L53: =E53/$E$55*100 -> 7.7423183 | M53: =+M52+L53 -> 10.162277 | N53: 1.17 | O53: =SUMPRODUCT(E47:E53,N47:N53)/H53 -> 6.3169459 | P53: =SUMPRODUCT(H53,O53)/SUMPRODUCT($H$54,$O$54)*100 -> 46.869958
B54: Relave Stage 1 | C54: 16 | E54: 3482.2 | F54: 5645.9 | G54: =+E54/F54*100 -> 61.676615 | H54: =H53+E54 -> 3876.1 | I54: 0.105 | J54: =SUMPRODUCT(E47:E54,I47:I54)/H54 -> 0.13902582 | K54: =SUMPRODUCT(H54,J54)/SUMPRODUCT($H$54,$J$54)*100 -> 100 | L54: =E54/$E$55*100 -> 89.837723 | M54: =+M53+L54 -> 100 | N54: 0.81 | O54: =SUMPRODUCT(E47:E54,N47:N54)/H54 -> 1.3696311 | P54: =SUMPRODUCT(H54,O54)/SUMPRODUCT($H$54,$O$54)*100 -> 100
B55: Alimentación | E55: =+SUM(E47:E54) -> 3876.1 | F55: =+SUM(F47:F54) -> 12124.5 | G55: =+E55/F55*100 -> 31.969153
B56: Cabeza Medida | J56: 0.133
B57: Cabeza Calculada | J57: =+SUMPRODUCT(I47:I54,E47:E54)/SUM(E47:E54) -> 0.13902582
B58: Error | J58: =+(J56-J57)/J56 -> -0.045306954
B60: Relave Rougher Planta Piloto Compósito Global Futuro
B61: T. Desgaste L-150 | C61: Tiempo, min | D61: Tiempo acumulado, min | E61: Masa seca, gr | F61: Masa húmeda, gr | G61: Cp, % | H61: Masa acumulada, gr | I61: Ley, Cu% | J61: Ley acumulada, Cu% | K61: Recuperación, Cu% | L61: Mass Pull, % | M61: Mass Pull acumulado, % | N61: Ley, Fe% | O61: Ley acumulada, Fe% | P61: Recuperación, Fe%
B62: Concentrado 1 | C62: 5 | D62: =+C62 -> 5 | E62: 214.1 | F62: 4278.4 | G62: =+E62/F62*100 -> 5.0042072 | H62: =E62 -> 214.1 | I62: 1.695 | J62: =SUMPRODUCT(E62,I62)/H62 -> 1.695 | K62: =SUMPRODUCT(H62,J62)/SUMPRODUCT($H$70,$J$70)*100 -> 8.0694287 | L62: =E62/$E$71*100 -> 0.73340755 | M62: =+L62 -> 0.73340755 | N62: 27.4 | O62: =SUMPRODUCT(E62,N62)/H62 -> 27.4 | P62: =SUMPRODUCT(H62,O62)/SUMPRODUCT($H$70,$O$70)*100 -> 12.374651
B63: Concentrado 2 | C63: 5 | D63: =+D62+C63 -> 10 | E63: 142.3 | F63: 2800.2 | G63: =+E63/F63*100 -> 5.0817799 | H63: =H62+E63 -> 356.4 | I63: 1.744 | J63: =SUMPRODUCT(E62:E63,I62:I63)/H63 -> 1.7145643 | K63: =SUMPRODUCT(H63,J63)/SUMPRODUCT($H$70,$J$70)*100 -> 13.58776 | L63: =E63/$E$71*100 -> 0.48745397 | M63: =+M62+L63 -> 1.2208615 | N63: 22.9 | O63: =SUMPRODUCT(E62:E63,N62:N63)/H63 -> 25.603283 | P63: =SUMPRODUCT(H63,O63)/SUMPRODUCT($H$70,$O$70)*100 -> 19.248597
B64: Concentrado 3 | C64: 5 | D64: =+D63+C64 -> 15 | E64: 78.4 | F64: 2235.5 | G64: =+E64/F64*100 -> 3.5070454 | H64: =H63+E64 -> 434.8 | I64: 1.577 | J64: =SUMPRODUCT(E62:E64,I62:I64)/H64 -> 1.6897597 | K64: =SUMPRODUCT(H64,J64)/SUMPRODUCT($H$70,$J$70)*100 -> 16.336947 | L64: =E64/$E$71*100 -> 0.26856213 | M64: =+M63+L64 -> 1.4894237 | N64: 21.2 | O64: =SUMPRODUCT(E62:E64,N62:N64)/H64 -> 24.809315 | P64: =SUMPRODUCT(H64,O64)/SUMPRODUCT($H$70,$O$70)*100 -> 22.754644
B65: Concentrado 4 | C65: 5 | D65: =+D64+C65 -> 20 | E65: 125.8 | F65: 1779.7 | G65: =+E65/F65*100 -> 7.0686071 | H65: =H64+E65 -> 560.6 | I65: 0.792 | J65: =SUMPRODUCT(E62:E65,I62:I65)/H65 -> 1.4883002 | K65: =SUMPRODUCT(H65,J65)/SUMPRODUCT($H$70,$J$70)*100 -> 18.552398 | L65: =E65/$E$71*100 -> 0.4309326 | M65: =+M64+L65 -> 1.9203563 | N65: 13.6 | O65: =SUMPRODUCT(E62:E65,N62:N65)/H65 -> 22.293917 | P65: =SUMPRODUCT(H65,O65)/SUMPRODUCT($H$70,$O$70)*100 -> 26.36363
B66: Concentrado 5 | C66: 5 | D66: =+D65+C66 -> 25 | E66: 211.8 | F66: 2400.2 | G66: =+E66/F66*100 -> 8.8242646 | H66: =H65+E66 -> 772.4 | I66: 0.592 | J66: =SUMPRODUCT(E62:E66,I62:I66)/H66 -> 1.2425255 | K66: =SUMPRODUCT(H66,J66)/SUMPRODUCT($H$70,$J$70)*100 -> 21.340471 | L66: =E66/$E$71*100 -> 0.72552882 | M66: =+M65+L66 -> 2.6458851 | N66: 7.05 | O66: =SUMPRODUCT(E62:E66,N62:N66)/H66 -> 18.113879 | P66: =SUMPRODUCT(H66,O66)/SUMPRODUCT($H$70,$O$70)*100 -> 29.513415
B67: Concentrado 6 | C67: 5 | D67: =+D66+C67 -> 30 | E67: 88.4 | F67: 2567.3 | G67: =+E67/F67*100 -> 3.4433062 | H67: =H66+E67 -> 860.8 | I67: 0.63 | J67: =SUMPRODUCT(E62:E67,I62:I67)/H67 -> 1.1796221 | K67: =SUMPRODUCT(H67,J67)/SUMPRODUCT($H$70,$J$70)*100 -> 22.578837 | L67: =E67/$E$71*100 -> 0.3028175 | M67: =+M66+L67 -> 2.9487026 | N67: 6.26 | O67: =SUMPRODUCT(E62:E67,N62:N67)/H67 -> 16.896543 | P67: =SUMPRODUCT(H67,O67)/SUMPRODUCT($H$70,$O$70)*100 -> 30.680741
B68: Concentrado 7 | C68: 5 | D68: =+D67+C68 -> 35 | E68: 133.1 | F68: 1668.3 | G68: =+E68/F68*100 -> 7.9781814 | H68: =H67+E68 -> 993.9 | I68: 0.384 | J68: =SUMPRODUCT(E62:E68,I62:I68)/H68 -> 1.0730749 | K68: =SUMPRODUCT(H68,J68)/SUMPRODUCT($H$70,$J$70)*100 -> 23.715328 | L68: =E68/$E$71*100 -> 0.45593903 | M68: =+M67+L68 -> 3.4046416 | N68: 4.9 | O68: =SUMPRODUCT(E62:E68,N62:N68)/H68 -> 15.290003 | P68: =SUMPRODUCT(H68,O68)/SUMPRODUCT($H$70,$O$70)*100 -> 32.056492
B69: Concentrado 8 | C69: 15 | D69: =+D68+C69 -> 50 | E69: 187.6 | F69: 1963.9 | G69: =+E69/F69*100 -> 9.5524212 | H69: =H68+E69 -> 1181.5 | I69: 0.967 | J69: =SUMPRODUCT(E62:E69,I62:I69)/H69 -> 1.0562322 | K69: =SUMPRODUCT(H69,J69)/SUMPRODUCT($H$70,$J$70)*100 -> 27.74914 | L69: =E69/$E$71*100 -> 0.64263081 | M69: =+M68+L69 -> 4.0472724 | N69: 17.9 | O69: =SUMPRODUCT(E62:E69,N62:N69)/H69 -> 15.704421 | P69: =SUMPRODUCT(H69,O69)/SUMPRODUCT($H$70,$O$70)*100 -> 39.140053
B70: Relave | E70: 28011 | F70: 131000 | G70: =+E70/F70*100 -> 21.382443 | H70: =H69+E70 -> 29192.5 | I70: 0.116 | J70: =SUMPRODUCT(E62:E70,I62:I70)/H70 -> 0.15405376 | K70: =SUMPRODUCT(H70,J70)/SUMPRODUCT($H$70,$J$70)*100 -> 100 | L70: =E70/$E$71*100 -> 95.952728 | M70: =+M69+L70 -> 100 | N70: 1.03 | O70: =SUMPRODUCT(E62:E70,N62:N70)/H70 -> 1.6239138 | P70: =SUMPRODUCT(H70,O70)/SUMPRODUCT($H$70,$O$70)*100 -> 100
B71: Alimentación | E71: =+SUM(E62:E70) -> 29192.5 | F71: 150693.5 | G71: =+E71/F71*100 -> 19.372103
B72: Cabeza Medida | J72: 0.172
B73: Cabeza Calculada | J73: =+SUMPRODUCT(I62:I70,E62:E70)/SUM(E62:E70) -> 0.15405376
B74: Error | J74: =+(J72-J73)/J72 -> 0.10433862
B81: Cinetica Rougher 1 | C81: Cp, % | D81: Ley acumulada, Cu% | E81: Recuperación, Cu% | F81: Mass Pull acumulado, %
B82: Concentrado 1 | C82: =+G34 -> 18.579235 | D82: =+J34 -> 0.498 | E82: =+K34 -> 6.9264024 | F82: =+M34 -> 1.9909502
B83: Concentrado 2 | C83: =+G35 -> 16.748366 | D83: =+J35 -> 0.47675648 | E83: =+K35 -> 10.265543 | F83: =+M35 -> 3.0822465
B84: Concentrado 3 | C84: =+G36 -> 14.887831 | D84: =+J36 -> 0.48231203 | E84: =+K36 -> 14.313234 | F84: =+M36 -> 4.2480703
B85: Concentrado 4 | C85: =+G37 -> 13.097385 | D85: =+J37 -> 0.50788107 | E85: =+K37 -> 26.045522 | F85: =+M37 -> 7.3409635
B86: Concentrado 5 | C86: =+G38 -> 8.9004298 | D86: =+J38 -> 0.49599094 | E86: =+K38 -> 34.602968 | F86: =+M38 -> 9.9866915
B87: Relave | C87: =+G39 -> 29.715481 | D87: =+J39 -> 0.14314693 | E87: =+K39 -> 100 | F87: =+M39 -> 100
B89: T. Dilución 1 | C89: Cp, % | D89: Ley acumulada, Cu% | E89: Recuperación, Cu% | F89: Mass Pull acumulado, %
B90: Concentrado 1 | C90: =+G47 -> 39.96063 | D90: =+J47 -> 1.512 | E90: =+K47 -> 5.6958347 | F90: =+M47 -> 0.5237223
B91: Concentrado 2 | C91: =+G48 -> 34.193548 | D91: =+J48 -> 1.4716289 | E91: =+K48 -> 6.9911371 | F91: =+M48 -> 0.66045768
B92: Concentrado 3 | C92: =+G49 -> 26.829268 | D92: =+J49 -> 1.4635062 | E92: =+K49 -> 8.7450035 | F92: =+M49 -> 0.83073192
B93: Concentrado 4 | C93: =+G50 -> 16.632017 | D93: =+J50 -> 1.4902261 | E93: =+K50 -> 13.329344 | F93: =+M50 -> 1.243518
B94: Concentrado 5 | C94: =+G51 -> 7.2030651 | D94: =+J51 -> 1.568849 | E94: =+K51 -> 16.769232 | F94: =+M51 -> 1.4860298
B95: Relave Stage 3 | C95: =+G52 -> 2.3142821 | D95: =+J52 -> 1.3446834 | E95: =+K52 -> 23.406281 | F95: =+M52 -> 2.4199582
B96: Relave Stage 2 | C96: =+G53 -> 6.5284546 | D96: =+J53 -> 0.43982483 | E96: =+K53 -> 32.149577 | F96: =+M53 -> 10.162277
B97: Relave Stage 1 | C97: =+G54 -> 61.676615 | D97: =+J54 -> 0.13902582 | E97: =+K54 -> 100 | F97: =+M54 -> 100
B99: T. Desgaste 1 L-150 | C99: Cp, % | D99: Ley acumulada, Cu% | E99: Recuperación, Cu% | F99: Mass Pull acumulado, %
B100: Concentrado 1 | C100: =+G62 -> 5.0042072 | D100: =+J62 -> 1.695 | E100: =+K62 -> 8.0694287 | F100: =+M62 -> 0.73340755
B101: Concentrado 2 | C101: =+G63 -> 5.0817799 | D101: =+J63 -> 1.7145643 | E101: =+K63 -> 13.58776 | F101: =+M63 -> 1.2208615
B102: Concentrado 3 | C102: =+G64 -> 3.5070454 | D102: =+J64 -> 1.6897597 | E102: =+K64 -> 16.336947 | F102: =+M64 -> 1.4894237
B103: Concentrado 4 | C103: =+G65 -> 7.0686071 | D103: =+J65 -> 1.4883002 | E103: =+K65 -> 18.552398 | F103: =+M65 -> 1.9203563
B104: Concentrado 5 | C104: =+G66 -> 8.8242646 | D104: =+J66 -> 1.2425255 | E104: =+K66 -> 21.340471 | F104: =+M66 -> 2.6458851
B105: Concentrado 6 | C105: =+G67 -> 3.4433062 | D105: =+J67 -> 1.1796221 | E105: =+K67 -> 22.578837 | F105: =+M67 -> 2.9487026
B106: Concentrado 7 | C106: =+G68 -> 7.9781814 | D106: =+J68 -> 1.0730749 | E106: =+K68 -> 23.715328 | F106: =+M68 -> 3.4046416
B107: Concentrado 8 | C107: =+G69 -> 9.5524212 | D107: =+J69 -> 1.0562322 | E107: =+K69 -> 27.74914 | F107: =+M69 -> 4.0472724
B108: Relave | C108: =+G70 -> 21.382443 | D108: =+J70 -> 0.15405376 | E108: =+K70 -> 100 | F108: =+M70 -> 100
B115: Condición #2
B117: Relave Rougher Planta Piloto Compósito Global Futuro
B118: Cinetica Convencional | C118: Tiempo, min | D118: Tiempo acumulado, min | E118: Masa seca, gr | F118: Masa húmeda, gr | G118: Cp, % | H118: Masa acumulada, gr | I118: Ley, Cu% | J118: Ley acumulada, Cu% | K118: Recuperación, Cu% | L118: Mass Pull, % | M118: Mass Pull acumulado, % | N118: Ley, Fe% | O118: Ley acumulada, Fe% | P118: Recuperación, Fe%
B119: Concentrado 1 | C119: 0.5 | D119: =+C119 -> 0.5 | E119: 24.7 | F119: 127.6 | G119: =+E119/F119*100 -> 19.357367 | H119: =E119 -> 24.7 | I119: 1.696 | J119: =SUMPRODUCT(E119,I119)/H119 -> 1.696 | K119: =SUMPRODUCT(H119,J119)/SUMPRODUCT($H$124,$J$124)*100 -> 15.094323 | L119: =E119/$E$125*100 -> 1.2595614 | M119: =+L119 -> 1.2595614 | N119: 12.8 | O119: =SUMPRODUCT(E119,N119)/H119 -> 12.8 | P119: =SUMPRODUCT(H119,O119)/SUMPRODUCT($H$124,$O$124)*100 -> 15.47232
B120: Concentrado 2 | C120: 1 | D120: =+D119+C120 -> 1.5 | E120: 11.9 | F120: 64.9 | G120: =+E120/F120*100 -> 18.335901 | H120: =H119+E120 -> 36.6 | I120: 1.489 | J120: =SUMPRODUCT(E119:E120,I119:I120)/H120 -> 1.6286967 | K120: =SUMPRODUCT(H120,J120)/SUMPRODUCT($H$124,$J$124)*100 -> 21.478906 | L120: =E120/$E$125*100 -> 0.60683325 | M120: =+M119+L120 -> 1.8663947 | N120: 8.81 | O120: =SUMPRODUCT(E119:E120,N119:N120)/H120 -> 11.502705 | P120: =SUMPRODUCT(H120,O120)/SUMPRODUCT($H$124,$O$124)*100 -> 20.602959
B121: Concentrado 3 | C121: 2 | D121: =+D120+C121 -> 3.5 | E121: 14.2 | F121: 101.2 | G121: =+E121/F121*100 -> 14.031621 | H121: =H120+E121 -> 50.8 | I121: 0.876 | J121: =SUMPRODUCT(E119:E121,I119:I121)/H121 -> 1.4182972 | K121: =SUMPRODUCT(H121,J121)/SUMPRODUCT($H$124,$J$124)*100 -> 25.961024 | L121: =E121/$E$125*100 -> 0.72412035 | M121: =+M120+L121 -> 2.590515 | N121: 5.83 | O121: =SUMPRODUCT(E119:E121,N119:N121)/H121 -> 9.9170276 | P121: =SUMPRODUCT(H121,O121)/SUMPRODUCT($H$124,$O$124)*100 -> 24.654361
B122: Concentrado 4 | C122: 8 | D122: =+D121+C122 -> 11.5 | E122: 56 | F122: 503.6 | G122: =+E122/F122*100 -> 11.119936 | H122: =H121+E122 -> 106.8 | I122: 0.611 | J122: =SUMPRODUCT(E119:E122,I119:I122)/H122 -> 0.99499532 | K122: =SUMPRODUCT(H122,J122)/SUMPRODUCT($H$124,$J$124)*100 -> 38.289803 | L122: =E122/$E$125*100 -> 2.8556859 | M122: =+M121+L122 -> 5.4462009 | N122: 2.72 | O122: =SUMPRODUCT(E119:E122,N119:N122)/H122 -> 6.1433052 | P122: =SUMPRODUCT(H122,O122)/SUMPRODUCT($H$124,$O$124)*100 -> 32.108637
B123: Concentrado 5 | C123: 16 | D123: =+D122+C123 -> 27.5 | E123: 56.2 | F123: 567 | G123: =+E123/F123*100 -> 9.9118166 | H123: =H122+E123 -> 163 | I123: 0.36 | J123: =SUMPRODUCT(E119:E123,I119:I123)/H123 -> 0.77605828 | K123: =SUMPRODUCT(H123,J123)/SUMPRODUCT($H$124,$J$124)*100 -> 45.579839 | L123: =E123/$E$125*100 -> 2.8658848 | M123: =+M122+L123 -> 8.3120857 | N123: 1.33 | O123: =SUMPRODUCT(E119:E123,N119:N123)/H123 -> 4.4837485 | P123: =SUMPRODUCT(H123,O123)/SUMPRODUCT($H$124,$O$124)*100 -> 35.766576
B124: Relave | E124: 1798 | F124: 6157.2 | G124: =+E124/F124*100 -> 29.201585 | H124: =H123+E124 -> 1961 | I124: 0.084 | J124: =SUMPRODUCT(E119:E124,I119:I124)/H124 -> 0.14152448 | K124: =SUMPRODUCT(H124,J124)/SUMPRODUCT($H$124,$J$124)*100 -> 100 | L124: =E124/$E$125*100 -> 91.687914 | M124: =+M123+L124 -> 100 | N124: 0.73 | O124: =SUMPRODUCT(E119:E124,N119:N124)/H124 -> 1.0420148 | P124: =SUMPRODUCT(H124,O124)/SUMPRODUCT($H$124,$O$124)*100 -> 100
B125: Alimentación | E125: =+SUM(E119:E124) -> 1961 | F125: =+SUM(F119:F124) -> 7521.5 | G125: =+E125/F125*100 -> 26.071927
B126: Cabeza Medida | I126: 0.145 | J126: 0.145
B127: Cabeza Calculada | I127: =+SUMPRODUCT(I119:I124,E119:E124)/SUM(E119:E124) -> 0.14152448 | J127: =+SUMPRODUCT(I119:I124,E119:E124)/SUM(E119:E124) -> 0.14152448
B128: Error | I128: =+(I126-I127)/I126 -> 0.023969122 | J128: =+(J126-J127)/J126 -> 0.023969122
B130: Relave Rougher Planta Piloto Compósito Global Futuro
B131: T. Dilución 2 | C131: Tiempo, min | D131: Tiempo acumulado, min | E131: Masa seca, gr | F131: Masa húmeda, gr | G131: Cp, % | H131: Masa acumulada, gr | I131: Ley, Cu% | J131: Ley acumulada, Cu% | K131: Recuperación, Cu% | L131: Mass Pull, % | M131: Mass Pull acumulado, % | N131: Ley, Fe% | O131: Ley acumulada, Fe% | P131: Recuperación, Fe%
B132: Concentrado 1 | C132: =+D132 -> 0.5 | D132: 0.5 | E132: 20.3 | F132: 81.4 | G132: =+E132/F132*100 -> 24.938575 | H132: =E132 -> 20.3 | I132: 3.215 | J132: =SUMPRODUCT(E132,I132)/H132 -> 3.215 | K132: =SUMPRODUCT(H132,J132)/SUMPRODUCT($H$139,$J$139)*100 -> 13.056094 | L132: =E132/$E$140*100 -> 0.51694721 | M132: =+L132 -> 0.51694721 | N132: 25.8 | O132: =SUMPRODUCT(E132,N132)/H132 -> 25.8 | P132: =SUMPRODUCT(H132,O132)/SUMPRODUCT($H$139,$O$139)*100 -> 12.687531
B133: Concentrado 2 | C133: =+D133-D132 -> 0.5 | D133: 1 | E133: 10.5 | F133: 30.3 | G133: =+E133/F133*100 -> 34.653465 | H133: =H132+E133 -> 30.8 | I133: 3.322 | J133: =SUMPRODUCT(E132:E133,I132:I133)/H133 -> 3.2514773 | K133: =SUMPRODUCT(H133,J133)/SUMPRODUCT($H$139,$J$139)*100 -> 20.034001 | L133: =E133/$E$140*100 -> 0.26738649 | M133: =+M132+L133 -> 0.7843337 | N133: 23.6 | O133: =SUMPRODUCT(E132:E133,N132:N133)/H133 -> 25.05 | P133: =SUMPRODUCT(H133,O133)/SUMPRODUCT($H$139,$O$139)*100 -> 18.690452
B134: Concentrado 3 | C134: =+D134-D133 -> 1 | D134: 2 | E134: 9.6 | F134: 73.2 | G134: =+E134/F134*100 -> 13.114754 | H134: =H133+E134 -> 40.4 | I134: 3.274 | J134: =SUMPRODUCT(E132:E134,I132:I134)/H134 -> 3.2568292 | K134: =SUMPRODUCT(H134,J134)/SUMPRODUCT($H$139,$J$139)*100 -> 26.32162 | L134: =E134/$E$140*100 -> 0.24446765 | M134: =+M133+L134 -> 1.0288013 | N134: 22.8 | O134: =SUMPRODUCT(E132:E134,N132:N134)/H134 -> 24.515347 | P134: =SUMPRODUCT(H134,O134)/SUMPRODUCT($H$139,$O$139)*100 -> 23.992791
B135: Concentrado 4 | C135: =+D135-D134 -> 4 | D135: 6 | E135: 14.6 | F135: 256.8 | G135: =+E135/F135*100 -> 5.6853583 | H135: =H134+E135 -> 55 | I135: 2.0818 | J135: =SUMPRODUCT(E132:E135,I132:I135)/H135 -> 2.9449124 | K135: =SUMPRODUCT(H135,J135)/SUMPRODUCT($H$139,$J$139)*100 -> 32.401963 | L135: =E135/$E$140*100 -> 0.37179455 | M135: =+M134+L135 -> 1.4005959 | N135: 13.6 | O135: =SUMPRODUCT(E132:E135,N132:N135)/H135 -> 21.617818 | P135: =SUMPRODUCT(H135,O135)/SUMPRODUCT($H$139,$O$139)*100 -> 28.80288
B136: Concentrado 5 | C136: =+D136-D135 -> 4 | D136: 10 | E136: 4.5 | F136: 271 | G136: =+E136/F136*100 -> 1.6605166 | H136: =H135+E136 -> 59.5 | I136: 0.774532 | J136: =SUMPRODUCT(E132:E136,I132:I136)/H136 -> 2.7807659 | K136: =SUMPRODUCT(H136,J136)/SUMPRODUCT($H$139,$J$139)*100 -> 33.099213 | L136: =E136/$E$140*100 -> 0.11459421 | M136: =+M135+L136 -> 1.5151901 | N136: 5.26 | O136: =SUMPRODUCT(E132:E136,N132:N136)/H136 -> 20.380672 | P136: =SUMPRODUCT(H136,O136)/SUMPRODUCT($H$139,$O$139)*100 -> 29.376282
B137: Relave Stage 3 | E137: 18.3 | F137: 1335.7 | G137: =+E137/F137*100 -> 1.3700681 | H137: =H136+E137 -> 77.8 | I137: 0.383 | J137: =SUMPRODUCT(E132:E137,I132:I137)/H137 -> 2.216767 | K137: =SUMPRODUCT(H137,J137)/SUMPRODUCT($H$139,$J$139)*100 -> 34.501336 | L137: =E137/$E$140*100 -> 0.46601645 | M137: =+M136+L137 -> 1.9812065 | N137: 1.78 | O137: =SUMPRODUCT(E132:E137,N132:N137)/H137 -> 16.00545 | P137: =SUMPRODUCT(H137,O137)/SUMPRODUCT($H$139,$O$139)*100 -> 30.165383
B138: Relave Stage 2 | C138: 14 | E138: 215.2 | F138: 3516.2 | G138: =+E138/F138*100 -> 6.1202434 | H138: =H137+E138 -> 293 | I138: 0.103 | J138: =SUMPRODUCT(E132:E138,I132:I138)/H138 -> 0.66426646 | K138: =SUMPRODUCT(H138,J138)/SUMPRODUCT($H$139,$J$139)*100 -> 38.93554 | L138: =E138/$E$140*100 -> 5.4801497 | M138: =+M137+L138 -> 7.4613563 | N138: 0.9 | O138: =SUMPRODUCT(E132:E138,N132:N138)/H138 -> 4.9109352 | P138: =SUMPRODUCT(H138,O138)/SUMPRODUCT($H$139,$O$139)*100 -> 34.857255
B139: Relave Stage 1 | C139: 16 | E139: 3633.9 | F139: 12567.6 | G139: =+E139/F139*100 -> 28.914829 | H139: =H138+E139 -> 3926.9 | I139: 0.084 | J139: =SUMPRODUCT(E132:E139,I132:I139)/H139 -> 0.12729575 | K139: =SUMPRODUCT(H139,J139)/SUMPRODUCT($H$139,$J$139)*100 -> 100 | L139: =E139/$E$140*100 -> 92.538644 | M139: =+M138+L139 -> 100 | N139: 0.74 | O139: =SUMPRODUCT(E132:E139,N132:N139)/H139 -> 1.0512083 | P139: =SUMPRODUCT(H139,O139)/SUMPRODUCT($H$139,$O$139)*100 -> 100
B140: Alimentación | E140: =+SUM(E132:E139) -> 3926.9 | F140: =+SUM(F132:F139) -> 18132.2 | G140: =+E140/F140*100 -> 21.657052
B141: Cabeza Medida | J141: 0.145 | N141: 1.04
B142: Cabeza Calculada | J142: =+SUMPRODUCT(I132:I139,E132:E139)/SUM(E132:E139) -> 0.12729575
B143: Error | J143: =+(J141-J142)/J141 -> 0.12209829
B145: Relave Rougher Planta Piloto Compósito Global Futuro
B146: T. Desgaste 2 L-150 | C146: Tiempo, min | D146: Tiempo acumulado, min | E146: Masa seca, gr | F146: Masa húmeda, gr | G146: Cp, % | H146: Masa acumulada, gr | I146: Ley, Cu% | J146: Ley acumulada, Cu% | K146: Recuperación, Cu% | L146: Mass Pull, % | M146: Mass Pull acumulado, % | N146: Ley, Fe% | O146: Ley acumulada, Fe% | P146: Recuperación, Fe%
B147: Concentrado 1 | C147: 5 | D147: =+C147 -> 5 | E147: 22.7 | F147: 1268.5 | G147: =+E147/F147*100 -> 1.7895152 | H147: =E147 -> 22.7 | I147: 3.544 | J147: =SUMPRODUCT(E147,I147)/H147 -> 3.544 | K147: =SUMPRODUCT(H147,J147)/SUMPRODUCT($H$155,$J$155)*100 -> 1.865326 | L147: =E147/$E$156*100 -> 0.077072468 | M147: =+L147 -> 0.077072468 | N147: 27.1 | O147: =SUMPRODUCT(E147,N147)/H147 -> 27.1 | P147: =SUMPRODUCT(H147,O147)/SUMPRODUCT($H$155,$O$155)*100 -> 1.7382595
B148: Concentrado 2 | C148: 5 | D148: =+D147+C148 -> 10 | E148: 36.6 | F148: 1590.2 | G148: =+E148/F148*100 -> 2.3015973 | H148: =H147+E148 -> 59.3 | I148: 3.467 | J148: =SUMPRODUCT(E147:E148,I147:I148)/H148 -> 3.4964755 | K148: =SUMPRODUCT(H148,J148)/SUMPRODUCT($H$155,$J$155)*100 -> 4.8075117 | L148: =E148/$E$156*100 -> 0.12426662 | M148: =+M147+L148 -> 0.20133909 | N148: 29.8 | O148: =SUMPRODUCT(E147:E148,N147:N148)/H148 -> 28.766442 | P148: =SUMPRODUCT(H148,O148)/SUMPRODUCT($H$155,$O$155)*100 -> 4.8201472
...

Sheet 18.1 Jms - Ro-SCV - T. Desgaste
B2: Pruebas de Desgaste
B3: Jameson Cola Rougher
B5: Condiciones de Operación | K5: Air | L5: Agua en conc. | M5: Flujo pulpa | N5: razon | O5: Vel. Sup. Gas | P5: Agua de lavado | Q5: Vel. Sup. Agua
B6: N° Concen. | C6: Presión Alim. | D6: Aire | E6: Vacío | F6: WW | G6: Altura espuma | H6: Tiempo Flot. | I6: pH | J6: ORP | K6: Flujo aire | L6: Qwc | M6: Downcomer | N6: Aire/pulpa | O6: Jg | P6: W | Q6: Jb
C7: [kPa] | D7: [m3/h] | E7: [kPa] | F7: [l/h] | G7: [mm] | H7: [min] | K7: [cm3/s] | L7: L/h | M7: [m3/h] | N7: A/P | O7: cm/s | P7: Qww/Qwc | Q7: cm/s | R7: Rec Cu % | S7: Cu %
B8: Acond.
B9: Con 1 | C9: 150 | D9: 0.8 | E9: -18 | F9: 50 | G9: 380 | H9: 5 | I9: 10.24 | J9: -3.6 | K9: 222.2224 | L9: 13.243299 | M9: 1.1515971 | N9: 0.69468742 | O9: 1.9325343 | P9: 3.7754943 | Q9: 0.31965088 | R9: 8.1651132 | S9: 1.695
B10: Con 2 | C10: 150 | D10: 0.8 | E10: -18 | F10: 50 | G10: 350 | H10: 5 | I10: 10.27 | J10: -6.3 | K10: 222.2224 | L10: 8.8020619 | M10: 1.1515971 | N10: 0.69468742 | O10: 1.9325343 | P10: 5.6804872 | Q10: 0.35827364 | R10: 13.748879 | S10: 1.7145643
B11: Con 3 | C11: 150 | D11: 0.7 | E11: -18 | F11: 50 | G11: 350 | H11: 5 | I11: 10.21 | J11: -6.3 | K11: 194.4446 | L11: 4.8494845 | M11: 1.1515971 | N11: 0.60785149 | O11: 1.6909675 | P11: 10.310374 | Q11: 0.39264683 | R11: 16.530665 | S11: 1.6897597
B12: Con 4 | C12: 150 | D12: 0.7 | E12: -18 | F12: 50 | G12: 370 | H12: 5 | I12: 10.29 | J12: -7.2 | K12: 194.4446 | L12: 7.7814433 | M12: 1.1515971 | N12: 0.60785149 | O12: 1.6909675 | P12: 6.4255432 | Q12: 0.36714935 | R12: 18.772386 | S12: 1.4883002
B13: Con 5 | C13: 150 | D13: 0.7 | E13: -18 | F13: 0 | G13: 500 | H13: 5 | I13: 10.24 | J13: -7.7 | K13: 194.4446 | L13: 13.101031 | M13: 1.1515971 | N13: 0.60785149 | O13: 1.6909675 | P13: 0 | Q13: -0.11393177 | R13: 21.593519 | S13: 1.2425255
B14: Con 6 | C14: 150 | D14: 0.8 | E14: -19 | F14: 0 | G14: 460 | H14: 5 | I14: 10.22 | J14: -6.9 | K14: 222.2224 | L14: 5.4680412 | M14: 1.1550194 | N14: 0.69262908 | O14: 1.9325343 | P14: 0 | Q14: -0.04755226 | R14: 22.846569 | S14: 1.1796221
B15: Con 7 | C15: 150 | D15: 0.8 | E15: -19 | F15: 0 | G15: 510 | H15: 5 | I15: 10.21 | J15: -7 | K15: 222.2224 | L15: 8.2329897 | M15: 1.1550194 | N15: 0.69262908 | O15: 1.9325343 | P15: 0 | Q15: -0.07159735 | R15: 23.996536 | S15: 1.0730749
B16: Con 8 | C16: 150 | D16: 0.7 | E16: -18 | F16: 0 | G16: 490 | H16: 15 | I16: 10.2 | J16: -8.1 | K16: 194.4446 | L16: 3.8680412 | M16: 1.1515971 | N16: 0.60785149 | O16: 1.6909675 | P16: 0 | Q16: -0.033638024 | R16: 26.892414 | S16: 0.83744572
B18: Criterios QAQC
C20: Profundidad de la espuma (mm) | F20: Razón (Aire/Alim.) | I20: Jg (cm/s) | L20: Razón agua de lavado
B21: Etapa | C21: profundo | D21: Poco profundo | I21: Etapa | J21: Rango | L21: ww/wc
B22: Rougher | C22: 300 | D22: 100 | F22: Etapa | G22: Rango | I22: Rougher | J22: [1 - 2] | L22: Etapa | M22: Rango
B23: Cleaner | C23: 500 | D23: 200 | F23: Rougher | G23: [0,3 - 0,9] | I23: Cleaner | J23: [0,4 - 0,8] | L23: Rougher | M23: [0,5 -1]
B24: Scavenger | C24: 250 | D24: 50 | F24: Cleaner | G24: [0,3 - 0,9] | I24: Scavenger | J24: [1 - 2] | L24: Cleaner | M24: [0,5 -1]
F25: Scavenger | G25: [0,3 - 0,9] | L25: Scavenger | M25: [0,5 -1]

Sheet 19. Jms - Pre-Cle
B2: Pruebas Jameson - Pre Cleaner
B32: Pre-Cleaner Planta Piloto Compósito Global Futuro
B33: Cinetica Convencional | C33: Tiempo, min | D33: Tiempo acumulado, min | E33: Masa seca, gr | F33: Masa húmeda, gr | G33: Cp, % | H33: Masa acumulada, gr | I33: Ley, Cu% | J33: Ley acumulada, Cu% | K33: Recuperación, Cu% | L33: Mass Pull, % | M33: Mass Pull acumulado, % | N33: Ley, Fe% | O33: Ley acumulada, Fe% | P33: Recuperación, Fe%
B34: Concentrado 1 | C34: 0.5 | D34: =+C34 -> 0.5 | E34: 42 | F34: 179.6 | G34: =+E34/F34*100 -> 23.385301 | H34: =E34 -> 42 | I34: 14.59 | J34: =SUMPRODUCT(E34,I34)/H34 -> 14.59 | K34: =SUMPRODUCT(H34,J34)/SUMPRODUCT($H$39,$J$39)*100 -> 13.434693 | L34: =E34/$E$40*100 -> 4.2756795 | M34: =+L34 -> 4.2756795 | N34: 13.8 | O34: =SUMPRODUCT(E34,N34)/H34 -> 13.8 | P34: =SUMPRODUCT(H34,O34)/SUMPRODUCT($H$39,$O$39)*100 -> 8.4371774
B35: Concentrado 2 | C35: 1 | D35: =+D34+C35 -> 1.5 | E35: 28.6 | F35: 89.2 | G35: =+E35/F35*100 -> 32.06278 | H35: =H34+E35 -> 70.6 | I35: 18.76 | J35: =SUMPRODUCT(E34:E35,I34:I35)/H35 -> 16.279263 | K35: =SUMPRODUCT(H35,J35)/SUMPRODUCT($H$39,$J$39)*100 -> 25.1978 | L35: =E35/$E$40*100 -> 2.9115342 | M35: =+M34+L35 -> 7.1872137 | N35: 17.3 | O35: =SUMPRODUCT(E34:E35,N34:N35)/H35 -> 15.217847 | P35: =SUMPRODUCT(H35,O35)/SUMPRODUCT($H$39,$O$39)*100 -> 15.639639
B36: Concentrado 3 | C36: 2 | D36: =+D35+C36 -> 3.5 | E36: 61.4 | F36: 145.6 | G36: =+E36/F36*100 -> 42.17033 | H36: =H35+E36 -> 132 | I36: 19.75 | J36: =SUMPRODUCT(E34:E36,I34:I36)/H36 -> 17.893682 | K36: =SUMPRODUCT(H36,J36)/SUMPRODUCT($H$39,$J$39)*100 -> 51.784145 | L36: =E36/$E$40*100 -> 6.2506363 | M36: =+M35+L36 -> 13.43785 | N36: 18 | O36: =SUMPRODUCT(E34:E36,N34:N36)/H36 -> 16.51197 | P36: =SUMPRODUCT(H36,O36)/SUMPRODUCT($H$39,$O$39)*100 -> 31.727921
B37: Concentrado 4 | C37: 8 | D37: =+D36+C37 -> 11.5 | E37: 117 | F37: 640.9 | G37: =+E37/F37*100 -> 18.255578 | H37: =H36+E37 -> 249 | I37: 15.61 | J37: =SUMPRODUCT(E34:E37,I34:I37)/H37 -> 16.820627 | K37: =SUMPRODUCT(H37,J37)/SUMPRODUCT($H$39,$J$39)*100 -> 91.825792 | L37: =E37/$E$40*100 -> 11.910822 | M37: =+M36+L37 -> 25.348671 | N37: 16.2 | O37: =SUMPRODUCT(E34:E37,N34:N37)/H37 -> 16.365382 | P37: =SUMPRODUCT(H37,O37)/SUMPRODUCT($H$39,$O$39)*100 -> 59.319063
B38: Concentrado 5 | C38: 16 | D38: =+D37+C38 -> 27.5 | E38: 50.9 | F38: 518.9 | G38: =+E38/F38*100 -> 9.8092118 | H38: =H37+E38 -> 299.9 | I38: 3.008 | J38: =SUMPRODUCT(E34:E38,I34:I38)/H38 -> 14.476303 | K38: =SUMPRODUCT(H38,J38)/SUMPRODUCT($H$39,$J$39)*100 -> 95.182541 | L38: =E38/$E$40*100 -> 5.1817164 | M38: =+M37+L38 -> 30.530388 | N38: 6.64 | O38: =SUMPRODUCT(E34:E38,N34:N38)/H38 -> 14.714758 | P38: =SUMPRODUCT(H38,O38)/SUMPRODUCT($H$39,$O$39)*100 -> 64.238945
B39: Relave | E39: 682.4 | F39: 4736.8 | G39: =+E39/F39*100 -> 14.40635 | H39: =H38+E39 -> 982.3 | I39: 0.322 | J39: =SUMPRODUCT(E34:E39,I34:I39)/H39 -> 4.6433635 | K39: =SUMPRODUCT(H39,J39)/SUMPRODUCT($H$39,$J$39)*100 -> 100 | L39: =E39/$E$40*100 -> 69.469612 | M39: =+M38+L39 -> 100 | N39: 3.6 | O39: =SUMPRODUCT(E34:E39,N34:N39)/H39 -> 6.9933788 | P39: =SUMPRODUCT(H39,O39)/SUMPRODUCT($H$39,$O$39)*100 -> 100
B40: Alimentación | E40: =+SUM(E34:E39) -> 982.3 | F40: =+SUM(F34:F39) -> 6311 | G40: =+E40/F40*100 -> 15.564887
B41: Cabeza Medida | J41: 4.736 | N41: 6.64
B42: Cabeza Calculada | J42: =+SUMPRODUCT(I34:I39,E34:E39)/SUM(E34:E39) -> 4.6433635
B43: Error | J43: =+(J41-J42)/J41 -> 0.019560064
B45: Pre-Cleaner Planta Piloto Compósito Global Futuro
B46: T. Dilución | C46: Tiempo, min | D46: Tiempo acumulado, min | E46: Masa seca, gr | F46: Masa húmeda, gr | G46: Cp, % | H46: Masa acumulada, gr | I46: Ley, Cu% | J46: Ley acumulada, Cu% | K46: Recuperación, Cu% | L46: Mass Pull, % | M46: Mass Pull acumulado, % | N46: Ley, Fe% | O46: Ley acumulada, Fe% | P46: Recuperación, Fe%
B47: Concentrado 1 | C47: =+D47 -> 0.5 | D47: 0.5 | E47: 40.4 | F47: 91.4 | G47: =+E47/F47*100 -> 44.201313 | H47: =E47 -> 40.4 | I47: 25.82 | J47: =SUMPRODUCT(E47,I47)/H47 -> 25.82 | K47: =SUMPRODUCT(H47,J47)/SUMPRODUCT($H$54,$J$54)*100 -> 21.749094 | L47: =E47/$E$55*100 -> 3.8842419 | M47: =+L47 -> 3.8842419 | N47: 24.7 | O47: =SUMPRODUCT(E47,N47)/H47 -> 24.7 | P47: =SUMPRODUCT(H47,O47)/SUMPRODUCT($H$54,$O$54)*100 -> 9.3083824
B48: Concentrado 2 | C48: =+D48-D47 -> 0.5 | D48: 1 | E48: 21.1 | F48: 48.3 | G48: =+E48/F48*100 -> 43.6853 | H48: =H47+E48 -> 61.5 | I48: 25.61 | J48: =SUMPRODUCT(E47:E48,I47:I48)/H48 -> 25.747951 | K48: =SUMPRODUCT(H48,J48)/SUMPRODUCT($H$54,$J$54)*100 -> 33.015765 | L48: =E48/$E$55*100 -> 2.0286511 | M48: =+M47+L48 -> 5.912893 | N48: 23.6 | O48: =SUMPRODUCT(E47:E48,N47:N48)/H48 -> 24.322602 | P48: =SUMPRODUCT(H48,O48)/SUMPRODUCT($H$54,$O$54)*100 -> 13.953432
B49: Concentrado 3 | C49: =+D49-D48 -> 1 | D49: 2 | E49: 44.7 | F49: 93.8 | G49: =+E49/F49*100 -> 47.654584 | H49: =H48+E49 -> 106.2 | I49: 24.4 | J49: =SUMPRODUCT(E47:E49,I47:I49)/H49 -> 25.180593 | K49: =SUMPRODUCT(H49,J49)/SUMPRODUCT($H$54,$J$54)*100 -> 55.756312 | L49: =E49/$E$55*100 -> 4.2976637 | M49: =+M48+L49 -> 10.210557 | N49: 24.2 | O49: =SUMPRODUCT(E47:E49,N47:N49)/H49 -> 24.270998 | P49: =SUMPRODUCT(H49,O49)/SUMPRODUCT($H$54,$O$54)*100 -> 24.044074
B50: Concentrado 4 | C50: =+D50-D49 -> 4 | D50: 6 | E50: 57.3 | F50: 211.8 | G50: =+E50/F50*100 -> 27.053824 | H50: =H49+E50 -> 163.5 | I50: 22.92 | J50: =SUMPRODUCT(E47:E50,I47:I50)/H50 -> 24.388349 | K50: =SUMPRODUCT(H50,J50)/SUMPRODUCT($H$54,$J$54)*100 -> 83.138794 | L50: =E50/$E$55*100 -> 5.5090857 | M50: =+M49+L50 -> 15.719642 | N50: 22.9 | O50: =SUMPRODUCT(E47:E50,N47:N50)/H50 -> 23.79052 | P50: =SUMPRODUCT(H50,O50)/SUMPRODUCT($H$54,$O$54)*100 -> 36.284203
B51: Concentrado 5 | C51: =+D51-D50 -> 4 | D51: 10 | E51: 12.8 | F51: 164.8 | G51: =+E51/F51*100 -> 7.7669903 | H51: =H50+E51 -> 176.3 | I51: 18.44 | J51: =SUMPRODUCT(E47:E51,I47:I51)/H51 -> 23.956478 | K51: =SUMPRODUCT(H51,J51)/SUMPRODUCT($H$54,$J$54)*100 -> 88.060032 | L51: =E51/$E$55*100 -> 1.2306509 | M51: =+M50+L51 -> 16.950293 | N51: 18.3 | O51: =SUMPRODUCT(E47:E51,N47:N51)/H51 -> 23.391889 | P51: =SUMPRODUCT(H51,O51)/SUMPRODUCT($H$54,$O$54)*100 -> 38.469231
B52: Relave Stage 3 | E52: 14.4 | F52: 2440.6 | G52: =+E52/F52*100 -> 0.59001885 | H52: =H51+E52 -> 190.7 | I52: 7.75 | J52: =SUMPRODUCT(E47:E52,I47:I52)/H52 -> 22.732706 | K52: =SUMPRODUCT(H52,J52)/SUMPRODUCT($H$54,$J$54)*100 -> 90.386879 | L52: =E52/$E$55*100 -> 1.3844823 | M52: =+M51+L52 -> 18.334776 | N52: 3.9 | O52: =SUMPRODUCT(E47:E52,N47:N52)/H52 -> 21.920031 | P52: =SUMPRODUCT(H52,O52)/SUMPRODUCT($H$54,$O$54)*100 -> 38.9931
B53: Relave Stage 2 | C53: 14 | E53: 100 | F53: 3310.5 | G53: =+E53/F53*100 -> 3.0206917 | H53: =H52+E53 -> 290.7 | I53: 1.658 | J53: =SUMPRODUCT(E47:E53,I47:I53)/H53 -> 15.483065 | K53: =SUMPRODUCT(H53,J53)/SUMPRODUCT($H$54,$J$54)*100 -> 93.843789 | L53: =E53/$E$55*100 -> 9.6144601 | M53: =+M52+L53 -> 27.949236 | N53: 3.95 | O53: =SUMPRODUCT(E47:E53,N47:N53)/H53 -> 15.73839 | P53: =SUMPRODUCT(H53,O53)/SUMPRODUCT($H$54,$O$54)*100 -> 42.677722
B54: Relave Stage 1 | C54: 16 | E54: 749.4 | F54: 5243.9 | G54: =+E54/F54*100 -> 14.29089 | H54: =H53+E54 -> 1040.1 | I54: 0.394 | J54: =SUMPRODUCT(E47:E54,I47:I54)/H54 -> 4.6112783 | K54: =SUMPRODUCT(H54,J54)/SUMPRODUCT($H$54,$J$54)*100 -> 100 | L54: =E54/$E$55*100 -> 72.050764 | M54: =+M53+L54 -> 100 | N54: 8.2 | O54: =SUMPRODUCT(E47:E54,N47:N54)/H54 -> 10.306922 | P54: =SUMPRODUCT(H54,O54)/SUMPRODUCT($H$54,$O$54)*100 -> 100
B55: Alimentación | E55: =+SUM(E47:E54) -> 1040.1 | F55: =+SUM(F47:F54) -> 11605.1 | G55: =+E55/F55*100 -> 8.9624389
B56: Cabeza Medida | J56: 4.736
B57: Cabeza Calculada | J57: =+SUMPRODUCT(I47:I54,E47:E54)/SUM(E47:E54) -> 4.6112783
B58: Error | J58: =+(J56-J57)/J56 -> 0.02633481
B66: Cinetica Rougher 1 | C66: Cp, % | D66: Ley acumulada, Cu% | E66: Recuperación, Cu% | F66: Mass Pull acumulado, %
B67: Concentrado 1 | C67: =+G34 -> 23.385301 | D67: =+J34 -> 14.59 | E67: =+K34 -> 13.434693 | F67: =+M34 -> 4.2756795
B68: Concentrado 2 | C68: =+G35 -> 32.06278 | D68: =+J35 -> 16.279263 | E68: =+K35 -> 25.1978 | F68: =+M35 -> 7.1872137
B69: Concentrado 3 | C69: =+G36 -> 42.17033 | D69: =+J36 -> 17.893682 | E69: =+K36 -> 51.784145 | F69: =+M36 -> 13.43785
B70: Concentrado 4 | C70: =+G37 -> 18.255578 | D70: =+J37 -> 16.820627 | E70: =+K37 -> 91.825792 | F70: =+M37 -> 25.348671
B71: Concentrado 5 | C71: =+G38 -> 9.8092118 | D71: =+J38 -> 14.476303 | E71: =+K38 -> 95.182541 | F71: =+M38 -> 30.530388
B72: Relave | C72: =+G39 -> 14.40635 | D72: =+J39 -> 4.6433635 | E72: =+K39 -> 100 | F72: =+M39 -> 100
B74: T. Dilución 1 | C74: Cp, % | D74: Ley acumulada, Cu% | E74: Recuperación, Cu% | F74: Mass Pull acumulado, %
B75: Concentrado 1 | C75: =+G47 -> 44.201313 | D75: =+J47 -> 25.82 | E75: =+K47 -> 21.749094 | F75: =+M47 -> 3.8842419
B76: Concentrado 2 | C76: =+G48 -> 43.6853 | D76: =+J48 -> 25.747951 | E76: =+K48 -> 33.015765 | F76: =+M48 -> 5.912893
B77: Concentrado 3 | C77: =+G49 -> 47.654584 | D77: =+J49 -> 25.180593 | E77: =+K49 -> 55.756312 | F77: =+M49 -> 10.210557
B78: Concentrado 4 | C78: =+G50 -> 27.053824 | D78: =+J50 -> 24.388349 | E78: =+K50 -> 83.138794 | F78: =+M50 -> 15.719642
B79: Concentrado 5 | C79: =+G51 -> 7.7669903 | D79: =+J51 -> 23.956478 | E79: =+K51 -> 88.060032 | F79: =+M51 -> 16.950293
B80: Relave Stage 3 | C80: =+G52 -> 0.59001885 | D80: =+J52 -> 22.732706 | E80: =+K52 -> 90.386879 | F80: =+M52 -> 18.334776
B81: Relave Stage 2 | C81: =+G53 -> 3.0206917 | D81: =+J53 -> 15.483065 | E81: =+K53 -> 93.843789 | F81: =+M53 -> 27.949236
B82: Relave Stage 1 | C82: =+G54 -> 14.29089 | D82: =+J54 -> 4.6112783 | E82: =+K54 -> 100 | F82: =+M54 -> 100
B85: Condición #2
B87: Pre Cleaner Planta Piloto Compósito Global Futuro
B88: Cinética Convencional | C88: Tiempo, min | D88: Tiempo acumulado, min | E88: Masa seca, gr | F88: Masa húmeda, gr | G88: Cp, % | H88: Masa acumulada, gr | I88: Ley, Cu% | J88: Ley acumulada, Cu% | K88: Recuperación, Cu% | L88: Mass Pull, % | M88: Mass Pull acumulado, % | N88: Ley, Fe% | O88: Ley acumulada, Fe% | P88: Recuperación, Fe%
B89: Concentrado 1 | C89: 0.5 | D89: =+C89 -> 0.5 | E89: 26.7 | F89: 88.5 | G89: =+E89/F89*100 -> 30.169492 | H89: =E89 -> 26.7 | I89: 26.53 | J89: =SUMPRODUCT(E89,I89)/H89 -> 26.53 | K89: =SUMPRODUCT(H89,J89)/SUMPRODUCT($H$94,$J$94)*100 -> 39.113195 | L89: =E89/$E$95*100 -> 3.2064369 | M89: =+L89 -> 3.2064369 | N89: 21.4 | O89: =SUMPRODUCT(E89,N89)/H89 -> 21.4 | P89: =SUMPRODUCT(H89,O89)/SUMPRODUCT($H$94,$O$94)*100 -> 14.289884
B90: Concentrado 2 | C90: 1 | D90: =+D89+C90 -> 1.5 | E90: 10.3 | F90: 41.1 | G90: =+E90/F90*100 -> 25.060827 | H90: =H89+E90 -> 37 | I90: 24.92 | J90: =SUMPRODUCT(E89:E90,I89:I90)/H90 -> 26.081811 | K90: =SUMPRODUCT(H90,J90)/SUMPRODUCT($H$94,$J$94)*100 -> 53.286139 | L90: =E90/$E$95*100 -> 1.2369401 | M90: =+M89+L90 -> 4.443377 | N90: 22.1 | O90: =SUMPRODUCT(E89:E90,N89:N90)/H90 -> 21.594865 | P90: =SUMPRODUCT(H90,O90)/SUMPRODUCT($H$94,$O$94)*100 -> 19.982779
B91: Concentrado 3 | C91: 2 | D91: =+D90+C91 -> 3.5 | E91: 15.1 | F91: 76.8 | G91: =+E91/F91*100 -> 19.661458 | H91: =H90+E91 -> 52.1 | I91: 20.39 | J91: =SUMPRODUCT(E89:E91,I89:I91)/H91 -> 24.432169 | K91: =SUMPRODUCT(H91,J91)/SUMPRODUCT($H$94,$J$94)*100 -> 70.286923 | L91: =E91/$E$95*100 -> 1.8133782 | M91: =+M90+L91 -> 6.2567551 | N91: 20.9 | O91: =SUMPRODUCT(E89:E91,N89:N91)/H91 -> 21.393474 | P91: =SUMPRODUCT(H91,O91)/SUMPRODUCT($H$94,$O$94)*100 -> 27.875502
B92: Concentrado 4 | C92: 8 | D92: =+D91+C92 -> 11.5 | E92: 52.9 | F92: 512.6 | G92: =+E92/F92*100 -> 10.319938 | H92: =H91+E92 -> 105 | I92: 7.58 | J92: =SUMPRODUCT(E89:E92,I89:I92)/H92 -> 15.941886 | K92: =SUMPRODUCT(H92,J92)/SUMPRODUCT($H$94,$J$94)*100 -> 92.428047 | L92: =E92/$E$95*100 -> 6.3528281 | M92: =+M91+L92 -> 12.609583 | N92: 14.5 | O92: =SUMPRODUCT(E89:E92,N89:N92)/H92 -> 17.920476 | P92: =SUMPRODUCT(H92,O92)/SUMPRODUCT($H$94,$O$94)*100 -> 47.058979
B93: Concentrado 5 | C93: 16 | D93: =+D92+C93 -> 27.5 | E93: 45.9 | F93: 745.8 | G93: =+E93/F93*100 -> 6.154465 | H93: =H92+E93 -> 150.9 | I93: 1.012 | J93: =SUMPRODUCT(E89:E93,I89:I93)/H93 -> 11.400588 | K93: =SUMPRODUCT(H93,J93)/SUMPRODUCT($H$94,$J$94)*100 -> 94.992933 | L93: =E93/$E$95*100 -> 5.5121893 | M93: =+M92+L93 -> 18.121773 | N93: 5.27 | O93: =SUMPRODUCT(E89:E93,N89:N93)/H93 -> 14.072518 | P93: =SUMPRODUCT(H93,O93)/SUMPRODUCT($H$94,$O$94)*100 -> 53.108584
B94: Relave | E94: 681.8 | F94: 5263.8 | G94: =+E94/F94*100 -> 12.95262 | H94: =H93+E94 -> 832.7 | I94: 0.133 | J94: =SUMPRODUCT(E89:E94,I89:I94)/H94 -> 2.1748868 | K94: =SUMPRODUCT(H94,J94)/SUMPRODUCT($H$94,$J$94)*100 -> 100 | L94: =E94/$E$95*100 -> 81.878227 | M94: =+M93+L94 -> 100 | N94: 2.75 | O94: =SUMPRODUCT(E89:E94,N89:N94)/H94 -> 4.801841 | P94: =SUMPRODUCT(H94,O94)/SUMPRODUCT($H$94,$O$94)*100 -> 100
B95: Alimentación | E95: =+SUM(E89:E94) -> 832.7 | F95: =+SUM(F89:F94) -> 6728.6 | G95: =+E95/F95*100 -> 12.375531
B96: Cabeza Medida | J96: 2.254
B97: Cabeza Calculada | J97: =+SUMPRODUCT(I89:I94,E89:E94)/SUM(E89:E94) -> 2.1748868
B98: Error | J98: =+(J96-J97)/J96 -> 0.035099044
B100: Pre Cleaner Planta Piloto Compósito Global Futuro
B101: T. Dilución | C101: Tiempo, min | D101: Tiempo acumulado, min | E101: Masa seca, gr | F101: Masa húmeda, gr | G101: Cp, % | H101: Masa acumulada, gr | I101: Ley, Cu% | J101: Ley acumulada, Cu% | K101: Recuperación, Cu% | L101: Mass Pull, % | M101: Mass Pull acumulado, % | N101: Ley, Fe% | O101: Ley acumulada, Fe% | P101: Recuperación, Fe%
B102: Concentrado 1 | C102: =+D102 -> 0.5 | D102: 0.5 | E102: 29.6 | F102: 87.9 | G102: =+E102/F102*100 -> 33.67463 | H102: =E102 -> 29.6 | I102: 25.28 | J102: =SUMPRODUCT(E102,I102)/H102 -> 25.28 | K102: =SUMPRODUCT(H102,J102)/SUMPRODUCT($H$109,$J$109)*100 -> 41.131562 | L102: =E102/$E$110*100 -> 3.5296923 | M102: =+L102 -> 3.5296923 | N102: 22.8 | O102: =SUMPRODUCT(E102,N102)/H102 -> 22.8 | P102: =SUMPRODUCT(H102,O102)/SUMPRODUCT($H$89,$O$89)*100 -> 118.11404
B103: Concentrado 2 | C103: =+D103-D102 -> 0.5 | D103: 1 | E103: 12.5 | F103: 45.5 | G103: =+E103/F103*100 -> 27.472527 | H103: =H102+E103 -> 42.1 | I103: 24.75 | J103: =SUMPRODUCT(E102:E103,I102:I103)/H103 -> 25.122637 | K103: =SUMPRODUCT(H103,J103)/SUMPRODUCT($H$109,$J$109)*100 -> 58.13715 | L103: =E103/$E$110*100 -> 1.4905795 | M103: =+M102+L103 -> 5.0202719 | N103: 22.3 | O103: =SUMPRODUCT(E102:E103,N102:N103)/H103 -> 22.651544 | P103: =SUMPRODUCT(H103,O103)/SUMPRODUCT($H$89,$O$89)*100 -> 166.89944
B104: Concentrado 3 | C104: =+D104-D103 -> 1 | D104: 2 | E104: 11.8 | F104: 73.9 | G104: =+E104/F104*100 -> 15.967524 | H104: =H103+E104 -> 53.9 | I104: 23.85 | J104: =SUMPRODUCT(E102:E104,I102:I104)/H104 -> 24.844026 | K104: =SUMPRODUCT(H104,J104)/SUMPRODUCT($H$109,$J$109)*100 -> 73.606669 | L104: =E104/$E$110*100 -> 1.4071071 | M104: =+M103+L104 -> 6.427379 | N104: 22.1 | O104: =SUMPRODUCT(E102:E104,N102:N104)/H104 -> 22.530798 | P104: =SUMPRODUCT(H104,O104)/SUMPRODUCT($H$89,$O$89)*100 -> 212.53982
B105: Concentrado 4 | C105: =+D105-D104 -> 4 | D105: 6 | E105: 8.1 | F105: 146 | G105: =+E105/F105*100 -> 5.5479452 | H105: =H104+E105 -> 62 | I105: 23.25 | J105: =SUMPRODUCT(E102:E105,I102:I105)/H105 -> 24.635774 | K105: =SUMPRODUCT(H105,J105)/SUMPRODUCT($H$109,$J$109)*100 -> 83.958434 | L105: =E105/$E$110*100 -> 0.96589554 | M105: =+M104+L105 -> 7.3932745 | N105: 20.6 | O105: =SUMPRODUCT(E102:E105,N102:N105)/H105 -> 22.278548 | P105: =SUMPRODUCT(H105,O105)/SUMPRODUCT($H$89,$O$89)*100 -> 241.7428
B106: Concentrado 5 | C106: =+D106-D105 -> 4 | D106: 10 | E106: 1.5 | F106: 148.9 | G106: =+E106/F106*100 -> 1.0073875 | H106: =H105+E106 -> 63.5 | I106: 19.79 | J106: =SUMPRODUCT(E102:E106,I102:I106)/H106 -> 24.521307 | K106: =SUMPRODUCT(H106,J106)/SUMPRODUCT($H$109,$J$109)*100 -> 85.590145 | L106: =E106/$E$110*100 -> 0.17886954 | M106: =+M105+L106 -> 7.572144 | N106: 17 | O106: =SUMPRODUCT(E102:E106,N102:N106)/H106 -> 22.153858 | P106: =SUMPRODUCT(H106,O106)/SUMPRODUCT($H$89,$O$89)*100 -> 246.20568
B107: Relave Stage 3 | E107: 9.5 | F107: 1371.5 | G107: =+E107/F107*100 -> 0.69267226 | H107: =H106+E107 -> 73 | I107: 6.97 | J107: =SUMPRODUCT(E102:E107,I102:I107)/H107 -> 22.237233 | K107: =SUMPRODUCT(H107,J107)/SUMPRODUCT($H$109,$J$109)*100 -> 89.229822 | L107: =E107/$E$110*100 -> 1.1328404 | M107: =+M106+L107 -> 8.7049845 | N107: 10 | O107: =SUMPRODUCT(E102:E107,N102:N107)/H107 -> 20.572192 | P107: =SUMPRODUCT(H107,O107)/SUMPRODUCT($H$89,$O$89)*100 -> 262.83209
B108: Relave Stage 2 | C108: 14 | E108: 80.2 | F108: 2409 | G108: =+E108/F108*100 -> 3.3291822 | H108: =H107+E108 -> 153.2 | I108: 1.127 | J108: =SUMPRODUCT(E102:E108,I102:I108)/H108 -> 11.186054 | K108: =SUMPRODUCT(H108,J108)/SUMPRODUCT($H$109,$J$109)*100 -> 94.198087 | L108: =E108/$E$110*100 -> 9.5635583 | M108: =+M107+L108 -> 18.268543 | N108: 4.16 | O108: =SUMPRODUCT(E102:E108,N102:N108)/H108 -> 11.980431 | P108: =SUMPRODUCT(H108,O108)/SUMPRODUCT($H$89,$O$89)*100 -> 321.22265
B109: Relave Stage 1 | C109: 16 | E109: 685.4 | F109: 5388.9 | G109: =+E109/F109*100 -> 12.718737 | H109: =H108+E109 -> 838.6 | I109: 0.154 | J109: =SUMPRODUCT(E102:E109,I102:I109)/H109 -> 2.1693954 | K109: =SUMPRODUCT(H109,J109)/SUMPRODUCT($H$109,$J$109)*100 -> 100 | L109: =E109/$E$110*100 -> 81.731457 | M109: =+M108+L109 -> 100 | N109: 3.28 | O109: =SUMPRODUCT(E102:E109,N102:N109)/H109 -> 4.8694419 | P109: =SUMPRODUCT(H109,O109)/SUMPRODUCT($H$89,$O$89)*100 -> 714.6757
B110: Alimentación | E110: =+SUM(E102:E109) -> 838.6 | F110: =+SUM(F102:F109) -> 9671.6 | G110: =+E110/F110*100 -> 8.6707473
B111: Cabeza Medida | J111: 2.254 | N111: 4.97
B112: Cabeza Calculada | J112: =+SUMPRODUCT(I102:I109,E102:E109)/SUM(E102:E109) -> 2.1693954
B113: Error | J113: =+(J111-J112)/J111 -> 0.037535306
B115: Pre Cleaner Planta Piloto Compósito Global Futuro
B116: Continua 1 | D116: Continua 2 | F116: Continua 3 | H116: Continua 4 | J116: Continua 5 | L116: Continua 6 | N116: Continua 7
B117: Flujo | C117: Cu (%) | D117: Flujo | E117: Cu (%) | F117: Flujo | G117: Cu (%) | H117: Flujo | I117: Cu (%) | J117: Flujo | K117: Cu (%) | L117: Flujo | M117: Cu (%) | N117: Flujo | O117: Cu (%)
B118: Alim. | C118: 2.393 | D118: Alim. | E118: 2.393 | F118: Alim. | G118: 2.393 | H118: Alim. | I118: 2.393 | J118: Alim. | K118: 2.393 | L118: Alim. | M118: 2.393 | N118: Alim. | O118: 2.393
B119: Conc. 1 | C119: 31.33 | D119: Conc. 2 | E119: 31.72 | F119: Conc. 3 | G119: 31.67 | H119: Conc. 4 | I119: 33.49 | J119: Conc. 5 | K119: 29.13 | L119: Conc. 6 | M119: 27.22 | N119: Conc. 7 | O119: 27.12
B120: Cola | C120: 1.715 | D120: Cola | E120: 1.125 | F120: Cola | G120: 1.423 | H120: Cola | I120: 1.148 | J120: Cola | K120: 0.904 | L120: Cola | M120: 0.846 | N120: Cola | O120: 0.893
B121: Recuperaciones | D121: Recuperaciones | F121: Recuperaciones | H121: Recuperaciones | J121: Recuperaciones | L121: Recuperaciones | N121: Recuperaciones
B122: Rp | C122: =(C118-C120)/(C119-C120)*100 -> 2.2893804 | D122: Rp | E122: =(E118-E120)/(E119-E120)*100 -> 4.1444681 | F122: Rp | G122: =(G118-G120)/(G119-G120)*100 -> 3.2069296 | H122: Rp | I122: =(I118-I120)/(I119-I120)*100 -> 3.8494836 | J122: Rp | K122: =(K118-K120)/(K119-K120)*100 -> 5.2752781 | L122: Rp | M122: =(M118-M120)/(M119-M120)*100 -> 5.8656252 | N122: Rp | O122: =(O118-O120)/(O119-O120)*100 -> 5.7192969
B123: Rf | C123: =C122*C119/C118 -> 29.973375 | D123: Rf | E123: =E122*E119/E118 -> 54.936284 | F123: Rf | G123: =G122*G119/G118 -> 42.441898 | H123: Rf | I123: =I122*I119/I118 -> 53.873467 | J123: Rf | K123: =K122*K119/K118 -> 64.215985 | L123: Rf | M123: =M122*M119/M118 -> 66.720568 | N123: Rf | O123: =O122*O119/O118 -> 64.817105
B126: Cinetica Rougher 1 | C126: Cp, % | D126: Ley acumulada, Cu% | E126: Recuperación, Cu% | F126: Mass Pull acumulado, %
B127: Concentrado 1 | C127: =+G89 -> 30.169492 | D127: =+J89 -> 26.53 | E127: =+K89 -> 39.113195 | F127: =+M89 -> 3.2064369
B128: Concentrado 2 | C128: =+G90 -> 25.060827 | D128: =+J90 -> 26.081811 | E128: =+K90 -> 53.286139 | F128: =+M90 -> 4.443377
B129: Concentrado 3 | C129: =+G91 -> 19.661458 | D129: =+J91 -> 24.432169 | E129: =+K91 -> 70.286923 | F129: =+M91 -> 6.2567551
B130: Concentrado 4 | C130: =+G92 -> 10.319938 | D130: =+J92 -> 15.941886 | E130: =+K92 -> 92.428047 | F130: =+M92 -> 12.609583
B131: Concentrado 5 | C131: =+G93 -> 6.154465 | D131: =+J93 -> 11.400588 | E131: =+K93 -> 94.992933 | F131: =+M93 -> 18.121773
B132: Relave | C132: =+G94 -> 12.95262 | D132: =+J94 -> 2.1748868 | E132: =+K94 -> 100 | F132: =+M94 -> 100
